<?xml version="1.0"?>
<doc>
    <assembly>
        <name>Solti.Utils.Rpc.Server</name>
    </assembly>
    <members>
        <member name="T:Solti.Utils.Rpc.Internals.VerbAttribute">
            <summary>
            Describes the verb that triggers the annotated method.
            </summary>
        </member>
        <member name="P:Solti.Utils.Rpc.Internals.VerbAttribute.Verbs">
            <summary>
            The verb(s).
            </summary>
        </member>
        <member name="M:Solti.Utils.Rpc.Internals.VerbAttribute.#ctor(System.String[])">
            <summary>
            Creates a new <see cref="T:Solti.Utils.Rpc.Internals.VerbAttribute"/> instance.
            </summary>
        </member>
        <member name="M:Solti.Utils.Rpc.Internals.VerbAttribute.#ctor(System.String)">
            <summary>
            Creates a new <see cref="T:Solti.Utils.Rpc.Internals.VerbAttribute"/> instance.
            </summary>
        </member>
        <member name="T:Solti.Utils.Rpc.Internals.AspectInterceptor`1">
            <summary>
            Defines the base interceptor of aspects.
            </summary>
        </member>
        <member name="M:Solti.Utils.Rpc.Internals.AspectInterceptor`1.#ctor(`0)">
            <summary>
            Creates a new <see cref="T:Solti.Utils.Rpc.Internals.AspectInterceptor`1"/> instance.
            </summary>
        </member>
        <member name="M:Solti.Utils.Rpc.Internals.AspectInterceptor`1.Decorator(Solti.Utils.Proxy.InvocationContext,System.Func{System.Object})">
            <summary>
            The decorator function.
            </summary>
        </member>
        <member name="M:Solti.Utils.Rpc.Internals.AspectInterceptor`1.DecoratorAsync(Solti.Utils.Proxy.InvocationContext,System.Func{System.Threading.Tasks.Task})">
            <summary>
            The decorator function.
            </summary>
        </member>
        <member name="M:Solti.Utils.Rpc.Internals.AspectInterceptor`1.Invoke(Solti.Utils.Proxy.InvocationContext)">
            <summary>
            Aspect specific logic.
            </summary>
        </member>
        <member name="T:Solti.Utils.Rpc.Internals.CommandLineApplication">
            <summary>
            Base class for command line applications.
            </summary>
        </member>
        <member name="P:Solti.Utils.Rpc.Internals.CommandLineApplication.Args">
            <summary>
            The command line arguments
            </summary>
        </member>
        <member name="M:Solti.Utils.Rpc.Internals.CommandLineApplication.#ctor(System.Collections.Generic.IReadOnlyList{System.String})">
            <summary>
            Creates a new <see cref="T:Solti.Utils.Rpc.Internals.CommandLineApplication"/> instance.
            </summary>
        </member>
        <member name="M:Solti.Utils.Rpc.Internals.CommandLineApplication.GetParsedArguments``1">
            <summary>
            Parses the command line arguments to a typed object.
            </summary>
        </member>
        <member name="M:Solti.Utils.Rpc.Internals.CommandLineApplication.Run">
            <summary>
            Runs the application
            </summary>
        </member>
        <member name="M:Solti.Utils.Rpc.Internals.CommandLineApplication.OnRun">
            <summary>
            The default behavior.
            </summary>
        </member>
        <member name="M:Solti.Utils.Rpc.Internals.CommandLineApplication.OnUnhandledException(System.Exception)">
            <summary>
            Called on unhandled exception
            </summary>
        </member>
        <member name="T:Solti.Utils.Rpc.Internals.ModuleInvocationExtensions">
            <summary>
            Defines some extensions to the <see cref="T:Solti.Utils.Rpc.Internals.ModuleInvocation"/> delegate.
            </summary>
        </member>
        <member name="M:Solti.Utils.Rpc.Internals.ModuleInvocationExtensions.GetRelatedModules(Solti.Utils.Rpc.Internals.ModuleInvocation)">
            <summary>
            Gets the registered modules related to this <see cref="T:Solti.Utils.Rpc.Internals.ModuleInvocation"/> instance.
            </summary>
        </member>
        <member name="T:Solti.Utils.Rpc.Internals.LoggerBase">
            <summary>
            Minimalist logger implementation, intended for private use only.
            </summary>
        </member>
        <member name="M:Solti.Utils.Rpc.Internals.LoggerBase.GetDefaultCategory``1">
            <summary>
            Gets the default category.
            </summary>
        </member>
        <member name="M:Solti.Utils.Rpc.Internals.LoggerBase.#ctor(System.String)">
            <summary>
            Creates a new <see cref="T:Solti.Utils.Rpc.Internals.LoggerBase"/> instance.
            </summary>
        </member>
        <member name="M:Solti.Utils.Rpc.Internals.LoggerBase.LogCore(System.String)">
            <summary>
            The concrete logger invocation.
            </summary>
            <param name="message"></param>
        </member>
        <member name="P:Solti.Utils.Rpc.Internals.LoggerBase.Category">
            <summary>
            See category.
            </summary>
        </member>
        <member name="M:Solti.Utils.Rpc.Internals.LoggerBase.BeginScope``1(``0)">
            <summary>
            See <see cref="M:Microsoft.Extensions.Logging.ILogger.BeginScope``1(``0)"/>.
            </summary>
        </member>
        <member name="M:Solti.Utils.Rpc.Internals.LoggerBase.IsEnabled(Microsoft.Extensions.Logging.LogLevel)">
            <summary>
            See <see cref="M:Microsoft.Extensions.Logging.ILogger.IsEnabled(Microsoft.Extensions.Logging.LogLevel)"/>.
            </summary>
        </member>
        <member name="M:Solti.Utils.Rpc.Internals.LoggerBase.Log``1(Microsoft.Extensions.Logging.LogLevel,Microsoft.Extensions.Logging.EventId,``0,System.Exception,System.Func{``0,System.Exception,System.String})">
            <summary>
            See <see cref="M:Microsoft.Extensions.Logging.ILogger.Log``1(Microsoft.Extensions.Logging.LogLevel,Microsoft.Extensions.Logging.EventId,``0,System.Exception,System.Func{``0,System.Exception,System.String})"/>.
            </summary>
        </member>
        <member name="T:Solti.Utils.Rpc.Internals.ModuleInvocation">
            <summary>
            Executes module methods.
            </summary>
        </member>
        <member name="T:Solti.Utils.Rpc.Internals.ModuleInvocationBuilder">
            <summary>
            Builds <see cref="T:Solti.Utils.Rpc.Internals.ModuleInvocation"/> instances.
            </summary>
        </member>
        <member name="M:Solti.Utils.Rpc.Internals.ModuleInvocationBuilder.GetMemberId(System.Reflection.MemberInfo)">
            <summary>
            Gets the member name to be used in the execution process.
            </summary>
        </member>
        <member name="M:Solti.Utils.Rpc.Internals.ModuleInvocationBuilder.GetDeserializerFor(System.Reflection.MethodInfo)">
            <summary>
            Gets the deserializer for the given method.
            </summary>
        </member>
        <member name="M:Solti.Utils.Rpc.Internals.ModuleInvocationBuilder.AddModule``1">
            <summary>
            Adds a module to this builder.
            </summary>
        </member>
        <member name="M:Solti.Utils.Rpc.Internals.ModuleInvocationBuilder.AddModule(System.Type)">
            <summary>
            Adds a module to this builder.
            </summary>
        </member>
        <member name="P:Solti.Utils.Rpc.Internals.ModuleInvocationBuilder.Modules">
            <summary>
            Returns the registered modules.
            </summary>
        </member>
        <member name="M:Solti.Utils.Rpc.Internals.ModuleInvocationBuilder.Build">
            <summary>
            Builds a <see cref="T:Solti.Utils.Rpc.Internals.ModuleInvocation"/> instance.
            </summary>
        </member>
        <member name="P:Solti.Utils.Rpc.Internals.ModuleInvocationBuilder.EmptyDelegate">
            <summary>
            Empty <see cref="T:Solti.Utils.Rpc.Internals.ModuleInvocation"/> delegate.
            </summary>
        </member>
        <member name="T:Solti.Utils.Rpc.Properties.Errors">
            <summary>
              A strongly-typed resource class, for looking up localized strings, etc.
            </summary>
        </member>
        <member name="P:Solti.Utils.Rpc.Properties.Errors.ResourceManager">
            <summary>
              Returns the cached ResourceManager instance used by this class.
            </summary>
        </member>
        <member name="P:Solti.Utils.Rpc.Properties.Errors.Culture">
            <summary>
              Overrides the current thread's CurrentUICulture property for all
              resource lookups using this strongly typed resource class.
            </summary>
        </member>
        <member name="P:Solti.Utils.Rpc.Properties.Errors.ALIAS_REQUIRED">
            <summary>
              Looks up a localized string similar to Generic members must have an alias..
            </summary>
        </member>
        <member name="P:Solti.Utils.Rpc.Properties.Errors.AMBIGOUS_TARGET">
            <summary>
              Looks up a localized string similar to More than one methods are annotated with the same verb..
            </summary>
        </member>
        <member name="P:Solti.Utils.Rpc.Properties.Errors.BYREF_PARAMETER">
            <summary>
              Looks up a localized string similar to ByRef parameters are not supported..
            </summary>
        </member>
        <member name="P:Solti.Utils.Rpc.Properties.Errors.DUPLICATE_MEMBER_ID">
            <summary>
              Looks up a localized string similar to One or more member has the same name. To solve this issue, try to use the AliasAttribute or raname the members..
            </summary>
        </member>
        <member name="P:Solti.Utils.Rpc.Properties.Errors.GENERIC_IFACE">
            <summary>
              Looks up a localized string similar to Generic interfaces are not supported..
            </summary>
        </member>
        <member name="P:Solti.Utils.Rpc.Properties.Errors.HTTP_CONTENT_NOT_SUPPORTED">
            <summary>
              Looks up a localized string similar to Content-Type not supported..
            </summary>
        </member>
        <member name="P:Solti.Utils.Rpc.Properties.Errors.HTTP_ENCODING_NOT_SUPPORTED">
            <summary>
              Looks up a localized string similar to Content-Encoding not supported..
            </summary>
        </member>
        <member name="P:Solti.Utils.Rpc.Properties.Errors.HTTP_METHOD_NOT_SUPPORTED">
            <summary>
              Looks up a localized string similar to Http method not supported..
            </summary>
        </member>
        <member name="P:Solti.Utils.Rpc.Properties.Errors.INAPPROPRIATE_ARRAY_LENGTH">
            <summary>
              Looks up a localized string similar to The length of the args array does not match the parameter count..
            </summary>
        </member>
        <member name="P:Solti.Utils.Rpc.Properties.Errors.INSUFFICIENT_PRIVILEGES">
            <summary>
              Looks up a localized string similar to The caller does not have sufficient privileges to invoke the method..
            </summary>
        </member>
        <member name="P:Solti.Utils.Rpc.Properties.Errors.NETSH_INVOCATION_FAILED">
            <summary>
              Looks up a localized string similar to &quot;netsh&quot; invocation failed..
            </summary>
        </member>
        <member name="P:Solti.Utils.Rpc.Properties.Errors.NO_METHOD">
            <summary>
              Looks up a localized string similar to Request must specify a module method..
            </summary>
        </member>
        <member name="P:Solti.Utils.Rpc.Properties.Errors.NO_MODULE">
            <summary>
              Looks up a localized string similar to Request must specify a module..
            </summary>
        </member>
        <member name="P:Solti.Utils.Rpc.Properties.Errors.NO_ROLES_SPECIFIED">
            <summary>
              Looks up a localized string similar to There is no RequiredRoles attribute specified for the module method {0}..
            </summary>
        </member>
        <member name="P:Solti.Utils.Rpc.Properties.Errors.NOT_AN_ARRAY">
            <summary>
              Looks up a localized string similar to The JSON string must represent an array..
            </summary>
        </member>
        <member name="P:Solti.Utils.Rpc.Properties.Errors.NOT_AN_INTERFACE">
            <summary>
              Looks up a localized string similar to The module must be an interface..
            </summary>
        </member>
        <member name="P:Solti.Utils.Rpc.Properties.Errors.NOT_PARAMETERLESS">
            <summary>
              Looks up a localized string similar to The target method should not contain any parameters..
            </summary>
        </member>
        <member name="P:Solti.Utils.Rpc.Properties.Errors.SC_INVOCATION_FAILED">
            <summary>
              Looks up a localized string similar to Service Control Manager invocation failed..
            </summary>
        </member>
        <member name="T:Solti.Utils.Rpc.Properties.Trace">
            <summary>
              A strongly-typed resource class, for looking up localized strings, etc.
            </summary>
        </member>
        <member name="P:Solti.Utils.Rpc.Properties.Trace.ResourceManager">
            <summary>
              Returns the cached ResourceManager instance used by this class.
            </summary>
        </member>
        <member name="P:Solti.Utils.Rpc.Properties.Trace.Culture">
            <summary>
              Overrides the current thread's CurrentUICulture property for all
              resource lookups using this strongly typed resource class.
            </summary>
        </member>
        <member name="P:Solti.Utils.Rpc.Properties.Trace.BEGIN_REQUEST_PROCESSING">
            <summary>
              Looks up a localized string similar to Begin request processing..
            </summary>
        </member>
        <member name="P:Solti.Utils.Rpc.Properties.Trace.EXCEPTION_IN_LISTENER_THREAD">
            <summary>
              Looks up a localized string similar to Listener thread  ({0}) stopped due to an unhandled exception: ({1}).
            </summary>
        </member>
        <member name="P:Solti.Utils.Rpc.Properties.Trace.LISTENER_THREAD_STARTED">
            <summary>
              Looks up a localized string similar to Listener thread ({0}) started..
            </summary>
        </member>
        <member name="P:Solti.Utils.Rpc.Properties.Trace.LISTENER_THREAD_STOPPED">
            <summary>
              Looks up a localized string similar to Listener thread  ({0}) stopped..
            </summary>
        </member>
        <member name="P:Solti.Utils.Rpc.Properties.Trace.PREFLIGHT_REQUEST">
            <summary>
              Looks up a localized string similar to Preflight request, processor won&apos;t be called..
            </summary>
        </member>
        <member name="P:Solti.Utils.Rpc.Properties.Trace.REQUEST_AVAILABLE">
            <summary>
              Looks up a localized string similar to Request available..
            </summary>
        </member>
        <member name="P:Solti.Utils.Rpc.Properties.Trace.REQUEST_PROCESSED">
            <summary>
              Looks up a localized string similar to Request processed successfully..
            </summary>
        </member>
        <member name="P:Solti.Utils.Rpc.Properties.Trace.REQUEST_PROCESSING_FAILED">
            <summary>
              Looks up a localized string similar to Request processing failed..
            </summary>
        </member>
        <member name="P:Solti.Utils.Rpc.Properties.Trace.RUNNING">
            <summary>
              Looks up a localized string similar to Server is running... Press Ctrl+C to terminate!.
            </summary>
        </member>
        <member name="P:Solti.Utils.Rpc.Properties.Trace.SERVICE_STARTED">
            <summary>
              Looks up a localized string similar to Service started..
            </summary>
        </member>
        <member name="P:Solti.Utils.Rpc.Properties.Trace.SERVICE_TERMINATED">
            <summary>
              Looks up a localized string similar to Service terminated..
            </summary>
        </member>
        <member name="T:Solti.Utils.Rpc.Aspects.Logger`1">
            <summary>
            Defines an interceptor that is responsible for logging.
            </summary>
        </member>
        <member name="P:Solti.Utils.Rpc.Aspects.Logger`1.CurrentScope">
            <summary>
            The current scope.
            </summary>
        </member>
        <member name="P:Solti.Utils.Rpc.Aspects.Logger`1.ConcreteLogger">
            <summary>
            The concrete logger.
            </summary>
        </member>
        <member name="M:Solti.Utils.Rpc.Aspects.Logger`1.#ctor(`0,Solti.Utils.DI.Interfaces.IInjector,Microsoft.Extensions.Logging.ILogger)">
            <summary>
            Creates a new <see cref="T:Solti.Utils.Rpc.Aspects.Logger`1"/> instance.
            </summary>
        </member>
        <member name="M:Solti.Utils.Rpc.Aspects.Logger`1.Invoke(Solti.Utils.Proxy.InvocationContext)">
            <inheritdoc/>
        </member>
        <member name="T:Solti.Utils.Rpc.Aspects.ParameterValidator`1">
            <summary>
            Validates parameters on interface methods
            </summary>
        </member>
        <member name="P:Solti.Utils.Rpc.Aspects.ParameterValidator`1.Aggregate">
            <summary>
            Returns true if the validator should collect all the validation errors.
            </summary>
        </member>
        <member name="P:Solti.Utils.Rpc.Aspects.ParameterValidator`1.CurrentScope">
            <summary>
            The current scope.
            </summary>
        </member>
        <member name="M:Solti.Utils.Rpc.Aspects.ParameterValidator`1.#ctor(`0,Solti.Utils.DI.Interfaces.IInjector,System.Boolean)">
            <summary>
            Creates a new <see cref="T:Solti.Utils.Rpc.Aspects.ParameterValidator`1"/> instance.
            </summary>
        </member>
        <member name="M:Solti.Utils.Rpc.Aspects.ParameterValidator`1.#ctor(`0,Solti.Utils.DI.Interfaces.IInjector)">
            <summary>
            Creates a new <see cref="T:Solti.Utils.Rpc.Aspects.ParameterValidator`1"/> instance.
            </summary>
        </member>
        <member name="M:Solti.Utils.Rpc.Aspects.ParameterValidator`1.Decorator(Solti.Utils.Proxy.InvocationContext,System.Func{System.Object})">
            <inheritdoc/>
        </member>
        <member name="M:Solti.Utils.Rpc.Aspects.ParameterValidator`1.DecoratorAsync(Solti.Utils.Proxy.InvocationContext,System.Func{System.Threading.Tasks.Task})">
            <inheritdoc/>
        </member>
        <member name="T:Solti.Utils.Rpc.Aspects.RoleValidator`1">
            <summary>
            Contains the role validation logic.
            </summary>
            <remarks>In order to use this interceptor you have to implement and register the <see cref="T:Solti.Utils.Rpc.Interfaces.IRoleManager"/> service.</remarks>
        </member>
        <member name="M:Solti.Utils.Rpc.Aspects.RoleValidator`1.#ctor(`0,Solti.Utils.Rpc.Interfaces.IRpcRequestContext,Solti.Utils.Rpc.Interfaces.IRoleManager)">
            <summary>
            Creates a new <see cref="T:Solti.Utils.Rpc.Aspects.RoleValidator`1"/> instance.
            </summary>
        </member>
        <member name="M:Solti.Utils.Rpc.Aspects.RoleValidator`1.Decorator(Solti.Utils.Proxy.InvocationContext,System.Func{System.Object})">
            <inheritdoc/>
        </member>
        <member name="M:Solti.Utils.Rpc.Aspects.RoleValidator`1.DecoratorAsync(Solti.Utils.Proxy.InvocationContext,System.Func{System.Threading.Tasks.Task})">
            <inheritdoc/>
        </member>
        <member name="T:Solti.Utils.Rpc.Aspects.TransactionManager`1">
            <summary>
            Manages database transactions.
            </summary>
        </member>
        <member name="P:Solti.Utils.Rpc.Aspects.TransactionManager`1.Connection">
            <summary>
            The underlying DB connection
            </summary>
        </member>
        <member name="M:Solti.Utils.Rpc.Aspects.TransactionManager`1.#ctor(`0,System.Lazy{System.Data.IDbConnection})">
            <summary>
            Creates a new <see cref="T:Solti.Utils.Rpc.Aspects.TransactionManager`1"/> instance.
            </summary>
        </member>
        <member name="M:Solti.Utils.Rpc.Aspects.TransactionManager`1.Decorator(Solti.Utils.Proxy.InvocationContext,System.Func{System.Object})">
            <inheritdoc/>
        </member>
        <member name="M:Solti.Utils.Rpc.Aspects.TransactionManager`1.DecoratorAsync(Solti.Utils.Proxy.InvocationContext,System.Func{System.Threading.Tasks.Task})">
            <inheritdoc/>
        </member>
        <member name="T:Solti.Utils.Rpc.Hosting.Win32ServiceDescriptor">
            <summary>
            Describes a WIN32 service.
            </summary>
        </member>
        <member name="P:Solti.Utils.Rpc.Hosting.Win32ServiceDescriptor.Name">
            <summary>
            The name of the service.
            </summary>
        </member>
        <member name="P:Solti.Utils.Rpc.Hosting.Win32ServiceDescriptor.AutoStart">
            <summary>
            Set to true if the service should start on system boot.
            </summary>
        </member>
        <member name="P:Solti.Utils.Rpc.Hosting.Win32ServiceDescriptor.Description">
            <summary>
            The description of the service.
            </summary>
        </member>
        <member name="P:Solti.Utils.Rpc.Hosting.Win32ServiceDescriptor.Dependencies">
            <summary>
            The service dependencies.
            </summary>
        </member>
        <member name="T:Solti.Utils.Rpc.Hosting.AppHostBase">
            <summary>
            Represents the base class of the host application.
            </summary>
        </member>
        <member name="M:Solti.Utils.Rpc.Hosting.AppHostBase.#ctor(System.Collections.Generic.IReadOnlyList{System.String})">
            <summary>
            Creates a new <see cref="T:Solti.Utils.Rpc.Hosting.AppHostBase"/> instance.
            </summary>
        </member>
        <member name="M:Solti.Utils.Rpc.Hosting.AppHostBase.CreateServiceBuilder">
            <summary>
            Creates a new <see cref="T:Solti.Utils.Rpc.WebServiceBuilder"/> instance.
            </summary>
            <remarks>Override this method if you want to use your own builder.</remarks>
        </member>
        <member name="P:Solti.Utils.Rpc.Hosting.AppHostBase.WebService">
            <summary>
            Returns the underlying <see cref="T:Solti.Utils.Rpc.WebService"/>.
            </summary>
            <remarks>This property is set only once, after successful service configuration.</remarks>
        </member>
        <member name="P:Solti.Utils.Rpc.Hosting.AppHostBase.DiProvider">
            <summary>
            The DI backend.
            </summary>
            <remarks>This property can be set in initialization time only.</remarks>
        </member>
        <member name="M:Solti.Utils.Rpc.Hosting.AppHostBase.OnConfigure(Solti.Utils.Rpc.WebServiceBuilder)">
            <summary>
            Invoked once on configuration phase.
            </summary>
            <remarks>Override this method to configure the RPC service being built.</remarks>
        </member>
        <member name="M:Solti.Utils.Rpc.Hosting.AppHostBase.OnConfigureServices(Solti.Utils.DI.Interfaces.IServiceCollection)">
            <summary>
            Invoked once on configuration phase.
            </summary>
            <remarks>The primary place to configure services is the <see cref="M:Solti.Utils.Rpc.Hosting.AppHostBase.OnConfigure(Solti.Utils.Rpc.WebServiceBuilder)"/> method (using the <see cref="M:Solti.Utils.Rpc.WebServiceBuilder.ConfigureServices(System.Action{Solti.Utils.DI.Interfaces.IServiceCollection})"/>). Override this method only if you need scoped installation logic (<see cref="M:Solti.Utils.Rpc.Hosting.AppHostBase.OnInstall(Solti.Utils.DI.Interfaces.IInjector)"/> or <see cref="M:Solti.Utils.Rpc.Hosting.AppHostBase.OnUnInstall(Solti.Utils.DI.Interfaces.IInjector)"/>).</remarks>
        </member>
        <member name="M:Solti.Utils.Rpc.Hosting.AppHostBase.OnBuilt">
            <summary>
            Called once when the <see cref="P:Solti.Utils.Rpc.Hosting.AppHostBase.WebService"/> is built successfully.
            </summary>
            <remarks>Override this method if you need to implement one-time initialization logic that depends on the built service.</remarks>
        </member>
        <member name="M:Solti.Utils.Rpc.Hosting.AppHostBase.OnStart">
            <summary>
            Called on host start
            </summary>
            <remarks>In most of cases you should not override this method. To configure your service instance use the <see cref="M:Solti.Utils.Rpc.Hosting.AppHostBase.OnConfigure(Solti.Utils.Rpc.WebServiceBuilder)"/> and <see cref="M:Solti.Utils.Rpc.Hosting.AppHostBase.OnBuilt"/> methods.</remarks>
        </member>
        <member name="M:Solti.Utils.Rpc.Hosting.AppHostBase.OnStop">
            <summary>
            Called on host termination
            </summary>
            <remarks>Override this method if you need to do some resource cleanup.</remarks>
        </member>
        <member name="M:Solti.Utils.Rpc.Hosting.AppHostBase.InvokeInScope(System.Action{Solti.Utils.DI.Interfaces.IInjector})">
            <summary>
            Invokes an action in a separate scope.
            </summary>
        </member>
        <member name="M:Solti.Utils.Rpc.Hosting.AppHostBase.OnInstall">
            <summary>
            Called on app install ("YouApp.exe [service] install").
            </summary>
            <remarks>Override this method to implement app specific installation logic.</remarks>
        </member>
        <member name="M:Solti.Utils.Rpc.Hosting.AppHostBase.OnInstall(Solti.Utils.DI.Interfaces.IInjector)">
            <summary>
            Called on app install ("YouApp.exe [service] install").
            </summary>
            <remarks>Override this method to implement app specific installation logic.</remarks>
        </member>
        <member name="M:Solti.Utils.Rpc.Hosting.AppHostBase.OnUnInstall">
            <summary>
            Called on app uninstall ("YouApp.exe [service] uninstall").
            </summary>
            <remarks>Override this method to implement app specific uninstallation logic.</remarks>
        </member>
        <member name="M:Solti.Utils.Rpc.Hosting.AppHostBase.OnUnInstall(Solti.Utils.DI.Interfaces.IInjector)">
            <summary>
            Called on app uninstall ("YouApp.exe [service] uninstall").
            </summary>
            <remarks>Override this method to implement app specific uninstallation logic.</remarks>
        </member>
        <member name="M:Solti.Utils.Rpc.Hosting.AppHostBase.OnConfigureWin32Service(Solti.Utils.Rpc.Hosting.Win32ServiceDescriptor)">
            <summary>
            Called on service install/uninstall  ("YouApp.exe service [un]install").
            </summary>
            <remarks>Put Win32 Service configuration related stuffs here. App installation logic should be placed in the <see cref="M:Solti.Utils.Rpc.Hosting.AppHostBase.OnInstall"/> and <see cref="M:Solti.Utils.Rpc.Hosting.AppHostBase.OnUnInstall"/> methods.</remarks>
        </member>
        <member name="M:Solti.Utils.Rpc.Hosting.AppHostBase.OnRun">
            <summary>
            Starts the host as a command line application
            </summary>
            <remarks>In most of cases you should not override this method.</remarks>
        </member>
        <member name="T:Solti.Utils.Rpc.IHttpResponseExtensions">
            <summary>
            Defines some extenions against the <see cref="T:Solti.Utils.Rpc.Interfaces.IHttpResponse"/> interface. 
            </summary>
        </member>
        <member name="M:Solti.Utils.Rpc.IHttpResponseExtensions.WriteResponseString(Solti.Utils.Rpc.Interfaces.IHttpResponse,System.String,System.Threading.CancellationToken)">
            <summary>
            Writes the given <paramref name="responseString"/> to the <paramref name="response"/>.
            </summary>
        </member>
        <member name="T:Solti.Utils.Rpc.ModulesExtensions">
            <summary>
            Defines some extenions against the <see cref="T:Solti.Utils.Rpc.Pipeline.Modules"/> class. 
            </summary>
        </member>
        <member name="M:Solti.Utils.Rpc.ModulesExtensions.InstallBuiltInModules(Solti.Utils.Rpc.Pipeline.Modules)">
            <summary>
            Installs the built-in modules.
            </summary>
            <remarks>Currently this method installs the <see cref="T:Solti.Utils.Rpc.Interfaces.IServiceDescriptor"/> module only.</remarks>
        </member>
        <member name="T:Solti.Utils.Rpc.Pipeline.RequestHandlerBuilderExtensions">
            <summary>
            <see cref="T:Solti.Utils.Rpc.Pipeline.RequestHandlerBuilder"/> related extensions.
            </summary>
        </member>
        <member name="M:Solti.Utils.Rpc.Pipeline.RequestHandlerBuilderExtensions.GetParent``1(Solti.Utils.Rpc.Pipeline.RequestHandlerBuilder)">
            <summary>
            Gets the parent of a builder.
            </summary>
        </member>
        <member name="T:Solti.Utils.Rpc.Pipeline.IHttpAccessControlHandlerConfig">
            <summary>
            Specifies the <see cref="T:Solti.Utils.Rpc.Pipeline.HttpAccessControlHandler"/> configuration.
            </summary>
        </member>
        <member name="P:Solti.Utils.Rpc.Pipeline.IHttpAccessControlHandlerConfig.AllowedOrigins">
            <summary>
            The allowed origins. See https://en.wikipedia.org/wiki/Cross-origin_resource_sharing
            </summary>
        </member>
        <member name="P:Solti.Utils.Rpc.Pipeline.IHttpAccessControlHandlerConfig.AllowedMethods">
            <summary>
            Allowed methods.
            </summary>
        </member>
        <member name="P:Solti.Utils.Rpc.Pipeline.IHttpAccessControlHandlerConfig.AllowedHeaders">
            <summary>
            Allowed headers.
            </summary>
        </member>
        <member name="P:Solti.Utils.Rpc.Pipeline.IHttpAccessControlHandlerConfig.AllowLogs">
            <summary>
            Returns true if the logging is allowed.
            </summary>
        </member>
        <member name="T:Solti.Utils.Rpc.Pipeline.HttpAccessControlHandler">
            <summary>
            Handles access control HTTP requests.
            </summary>
        </member>
        <member name="M:Solti.Utils.Rpc.Pipeline.HttpAccessControlHandler.SetAcHeaders(Solti.Utils.Rpc.Interfaces.IHttpSession)">
            <summary>
            Sets the "Access-Control-XxX" headers.
            </summary>
        </member>
        <member name="M:Solti.Utils.Rpc.Pipeline.HttpAccessControlHandler.IsPreflight(Solti.Utils.Rpc.Interfaces.IHttpSession)">
            <summary>
            Determines whether the request is a preflight request or not.
            </summary>
        </member>
        <member name="M:Solti.Utils.Rpc.Pipeline.HttpAccessControlHandler.#ctor(Solti.Utils.Rpc.Interfaces.IRequestHandler,Solti.Utils.Rpc.Pipeline.IHttpAccessControlHandlerConfig)">
            <summary>
            Creates a new <see cref="T:Solti.Utils.Rpc.Pipeline.HttpAccessControlHandler"/> instance.
            </summary>
            <remarks>This handler requires a <paramref name="next"/> value to be supplied.</remarks>
        </member>
        <member name="M:Solti.Utils.Rpc.Pipeline.HttpAccessControlHandler.HandleAsync(Solti.Utils.DI.Interfaces.IInjector,Solti.Utils.Rpc.Interfaces.IHttpSession,System.Threading.CancellationToken)">
            <inheritdoc/>
        </member>
        <member name="T:Solti.Utils.Rpc.Pipeline.HttpAccessControl">
            <summary>
            Specifies how to handle access control HTTP requests.
            </summary>
        </member>
        <member name="M:Solti.Utils.Rpc.Pipeline.HttpAccessControl.#ctor(Solti.Utils.Rpc.WebServiceBuilder,Solti.Utils.Rpc.Pipeline.RequestHandlerBuilder)">
            <summary>
            Creates a new <see cref="T:Solti.Utils.Rpc.Pipeline.HttpAccessControl"/> instance.
            </summary>
        </member>
        <member name="P:Solti.Utils.Rpc.Pipeline.HttpAccessControl.AllowedOrigins">
            <summary>
            The allowed origins. See https://en.wikipedia.org/wiki/Cross-origin_resource_sharing
            </summary>
            <remarks>If the collection is empty, all origins are allowed.</remarks>
        </member>
        <member name="P:Solti.Utils.Rpc.Pipeline.HttpAccessControl.AllowedMethods">
            <summary>
            Allowed methods.
            </summary>
            <remarks>If the collection is empty, all kind of methods are allowed.</remarks>
        </member>
        <member name="P:Solti.Utils.Rpc.Pipeline.HttpAccessControl.AllowedHeaders">
            <summary>
            Allowed headers.
            </summary>
            <remarks>If the collection is empty, all kind of headers are allowed.</remarks>
        </member>
        <member name="M:Solti.Utils.Rpc.Pipeline.HttpAccessControl.Build(Solti.Utils.Rpc.Interfaces.IRequestHandler)">
            <inheritdoc/>
        </member>
        <member name="P:Solti.Utils.Rpc.Pipeline.HttpAccessControl.AllowLogs">
            <summary>
            Returns true if the logging is enabled.
            </summary>
        </member>
        <member name="T:Solti.Utils.Rpc.Pipeline.IExceptionCatcherHandlerConfig">
            <summary>
            Specifies the <see cref="T:Solti.Utils.Rpc.Pipeline.ExceptionCatcherHandler"/> configuration.
            </summary>
        </member>
        <member name="P:Solti.Utils.Rpc.Pipeline.IExceptionCatcherHandlerConfig.AllowLogs">
            <summary>
            Returns true if the logging is allowed.
            </summary>
        </member>
        <member name="T:Solti.Utils.Rpc.Pipeline.ExceptionCatcherHandler">
            <summary>
            Catches unhandled exception thrown by the encapsulated handler. 
            </summary>
        </member>
        <member name="M:Solti.Utils.Rpc.Pipeline.ExceptionCatcherHandler.ProcessUnhandledException(System.Exception,Solti.Utils.Rpc.Interfaces.IHttpSession)">
            <summary>
            Processes unhandled exceptions.
            </summary>
        </member>
        <member name="M:Solti.Utils.Rpc.Pipeline.ExceptionCatcherHandler.#ctor(Solti.Utils.Rpc.Interfaces.IRequestHandler,Solti.Utils.Rpc.Pipeline.IExceptionCatcherHandlerConfig)">
            <summary>
            Creates a new <see cref="T:Solti.Utils.Rpc.Pipeline.ExceptionCatcherHandler"/> instance.
            </summary>
            <remarks>This handler requires a <paramref name="next"/> value to be supplied.</remarks>
        </member>
        <member name="M:Solti.Utils.Rpc.Pipeline.ExceptionCatcherHandler.HandleAsync(Solti.Utils.DI.Interfaces.IInjector,Solti.Utils.Rpc.Interfaces.IHttpSession,System.Threading.CancellationToken)">
            <inheritdoc/>
        </member>
        <member name="T:Solti.Utils.Rpc.Pipeline.ExceptionCatcher">
            <summary>
            Configures the request pipeline to be "exception proof".
            </summary>
        </member>
        <member name="M:Solti.Utils.Rpc.Pipeline.ExceptionCatcher.#ctor(Solti.Utils.Rpc.WebServiceBuilder,Solti.Utils.Rpc.Pipeline.RequestHandlerBuilder)">
            <summary>
            Creates a new <see cref="T:Solti.Utils.Rpc.Pipeline.ExceptionCatcher"/> instance.
            </summary>
        </member>
        <member name="P:Solti.Utils.Rpc.Pipeline.ExceptionCatcher.AllowLogs">
            <summary>
            If set to true, the <see cref="T:Microsoft.Extensions.Logging.ILogger"/> service will be invoked in case of unhandled exception.
            </summary>
        </member>
        <member name="M:Solti.Utils.Rpc.Pipeline.ExceptionCatcher.Build(Solti.Utils.Rpc.Interfaces.IRequestHandler)">
            <inheritdoc/>
        </member>
        <member name="T:Solti.Utils.Rpc.Pipeline.IModuleInvocationHandlerConfig">
            <summary>
            Specifies the <see cref="T:Solti.Utils.Rpc.Pipeline.ModuleInvocationHandler"/> configuration.
            </summary>
        </member>
        <member name="P:Solti.Utils.Rpc.Pipeline.IModuleInvocationHandlerConfig.ContextStore">
            <summary>
            The context store.
            </summary>
        </member>
        <member name="P:Solti.Utils.Rpc.Pipeline.IModuleInvocationHandlerConfig.ModuleInvocation">
            <summary>
            In runtime built delegate containing the module invocation logic.
            </summary>
        </member>
        <member name="T:Solti.Utils.Rpc.Pipeline.ModuleInvocationHandler">
            <summary>
            Handles RPC module invocatios.
            </summary>
        </member>
        <member name="M:Solti.Utils.Rpc.Pipeline.ModuleInvocationHandler.CreateResponse(Solti.Utils.DI.Interfaces.IInjector,Solti.Utils.Rpc.Interfaces.IHttpResponse,System.Object)">
            <summary>
            Creates the HTTP response.
            </summary>
            <remarks>This operation cannot be cancelled.</remarks>
        </member>
        <member name="M:Solti.Utils.Rpc.Pipeline.ModuleInvocationHandler.CreateContext(Solti.Utils.Rpc.Interfaces.IHttpSession,System.Threading.CancellationToken@)">
            <summary>
            Parses the <paramref name="context"/> to a RPC context.
            </summary>
        </member>
        <member name="M:Solti.Utils.Rpc.Pipeline.ModuleInvocationHandler.#ctor(Solti.Utils.Rpc.Interfaces.IRequestHandler,Solti.Utils.Rpc.Pipeline.IModuleInvocationHandlerConfig)">
            <summary>
            Creates a new <see cref="T:Solti.Utils.Rpc.Pipeline.ModuleInvocationHandler"/> instance.
            </summary>
            <remarks>This handler requires a <paramref name="next"/> value to be supplied.</remarks>
        </member>
        <member name="M:Solti.Utils.Rpc.Pipeline.ModuleInvocationHandler.HandleAsync(Solti.Utils.DI.Interfaces.IInjector,Solti.Utils.Rpc.Interfaces.IHttpSession,System.Threading.CancellationToken)">
            <inheritdoc/>
        </member>
        <member name="T:Solti.Utils.Rpc.Pipeline.Modules">
            <summary>
            Configures services to be accessible via Remote Procedure Call.
            </summary>
        </member>
        <member name="P:Solti.Utils.Rpc.Pipeline.Modules.ContextStore">
            <inheritdoc/>
        </member>
        <member name="P:Solti.Utils.Rpc.Pipeline.Modules.ModuleInvocation">
            <inheritdoc/>
        </member>
        <member name="M:Solti.Utils.Rpc.Pipeline.Modules.Build(Solti.Utils.Rpc.Interfaces.IRequestHandler)">
            <inheritdoc/>
        </member>
        <member name="M:Solti.Utils.Rpc.Pipeline.Modules.#ctor(Solti.Utils.Rpc.WebServiceBuilder,Solti.Utils.Rpc.Pipeline.RequestHandlerBuilder)">
            <summary>
            Creates a new <see cref="T:Solti.Utils.Rpc.Pipeline.Modules"/> instance.
            </summary>
        </member>
        <member name="M:Solti.Utils.Rpc.Pipeline.Modules.ConfigureSerializer(System.Func{Solti.Utils.DI.Interfaces.IInjector,Solti.Utils.Rpc.Interfaces.IJsonSerializer})">
            <summary>
            Overrides the default serializer miplementation.
            </summary>
        </member>
        <member name="M:Solti.Utils.Rpc.Pipeline.Modules.Register``2">
            <summary>
            Registers a module to be accessible via Remote Procedure Call.
            </summary>
        </member>
        <member name="M:Solti.Utils.Rpc.Pipeline.Modules.Register``1(System.Func{Solti.Utils.DI.Interfaces.IInjector,``0})">
            <summary>
            Registers a module to be accessible via Remote Procedure Call.
            </summary>
        </member>
        <member name="P:Solti.Utils.Rpc.Pipeline.Modules.RegisteredModules">
            <summary>
            Returns the registered modules.
            </summary>
        </member>
        <member name="T:Solti.Utils.Rpc.Pipeline.RequestHandlerBase`1">
            <summary>
            Defines the base class for request handlers.
            </summary>
        </member>
        <member name="P:Solti.Utils.Rpc.Pipeline.RequestHandlerBase`1.Config">
            <summary>
            The configuration.
            </summary>
        </member>
        <member name="P:Solti.Utils.Rpc.Pipeline.RequestHandlerBase`1.Next">
            <inheritdoc/>
        </member>
        <member name="M:Solti.Utils.Rpc.Pipeline.RequestHandlerBase`1.#ctor(Solti.Utils.Rpc.Interfaces.IRequestHandler,`0)">
            <summary>
            Creates a new <see cref="T:Solti.Utils.Rpc.Pipeline.RequestHandlerBase`1"/> instance.
            </summary>
        </member>
        <member name="M:Solti.Utils.Rpc.Pipeline.RequestHandlerBase`1.HandleAsync(Solti.Utils.DI.Interfaces.IInjector,Solti.Utils.Rpc.Interfaces.IHttpSession,System.Threading.CancellationToken)">
            <inheritdoc/>
        </member>
        <member name="T:Solti.Utils.Rpc.Pipeline.RequestHandlerBuilder">
            <summary>
            Builds <see cref="T:Solti.Utils.Rpc.Interfaces.IRequestHandler"/> instances.
            </summary>
        </member>
        <member name="M:Solti.Utils.Rpc.Pipeline.RequestHandlerBuilder.#ctor(Solti.Utils.Rpc.WebServiceBuilder,Solti.Utils.Rpc.Pipeline.RequestHandlerBuilder)">
            <summary>
            Creates a new <see cref="T:Solti.Utils.Rpc.Pipeline.RequestHandlerBuilder"/> isntance.
            </summary>
        </member>
        <member name="M:Solti.Utils.Rpc.Pipeline.RequestHandlerBuilder.Build(Solti.Utils.Rpc.Interfaces.IRequestHandler)">
            <summary>
            Creates a new <see cref="T:Solti.Utils.Rpc.Interfaces.IRequestHandler"/> instance.
            </summary>
            <remarks>You should not call this method directly.</remarks>
        </member>
        <member name="P:Solti.Utils.Rpc.Pipeline.RequestHandlerBuilder.Parent">
            <summary>
            The preceding <see cref="T:Solti.Utils.Rpc.Pipeline.RequestHandlerBuilder"/>, if exists. 
            </summary>
        </member>
        <member name="P:Solti.Utils.Rpc.Pipeline.RequestHandlerBuilder.WebServiceBuilder">
            <summary>
            The <see cref="T:Solti.Utils.Rpc.WebServiceBuilder"/> that instantiated this class.
            </summary>
        </member>
        <member name="T:Solti.Utils.Rpc.Pipeline.IRequestLimiterHandlerConfig">
            <summary>
            Specifies the <see cref="T:Solti.Utils.Rpc.Pipeline.RequestLimiterHandler"/> configuration.
            </summary>
        </member>
        <member name="P:Solti.Utils.Rpc.Pipeline.IRequestLimiterHandlerConfig.Interval">
            <summary>
            Determines the interval between two request counter resets.
            </summary>
            <remarks>This property may change in runtime.</remarks>
        </member>
        <member name="P:Solti.Utils.Rpc.Pipeline.IRequestLimiterHandlerConfig.Threshold">
            <summary>
            The maximum amount of requests allowed for a remote client (under a given <see cref="P:Solti.Utils.Rpc.Pipeline.IRequestLimiterHandlerConfig.Interval"/>).
            </summary>
            <remarks>This property may change in runtime.</remarks>
        </member>
        <member name="T:Solti.Utils.Rpc.Pipeline.RequestLimiterHandler">
            <summary>
            Rejects the request if the request count (made by a remote client) excceeds the threshold.
            </summary>
        </member>
        <member name="M:Solti.Utils.Rpc.Pipeline.RequestLimiterHandler.#ctor(Solti.Utils.Rpc.Interfaces.IRequestHandler,Solti.Utils.Rpc.Pipeline.IRequestLimiterHandlerConfig)">
            <summary>
            Creates a new <see cref="T:Solti.Utils.Rpc.Pipeline.RequestLimiterHandler"/> instance.
            </summary>
            <remarks>This handler requires a <paramref name="next"/> value to be supplied.</remarks>
        </member>
        <member name="M:Solti.Utils.Rpc.Pipeline.RequestLimiterHandler.HandleAsync(Solti.Utils.DI.Interfaces.IInjector,Solti.Utils.Rpc.Interfaces.IHttpSession,System.Threading.CancellationToken)">
            <inheritdoc/>
        </member>
        <member name="T:Solti.Utils.Rpc.Pipeline.RequestLimiter">
            <summary>
            Limits how many times a remote client can access local resources (in a given period of time).
            </summary>
        </member>
        <member name="M:Solti.Utils.Rpc.Pipeline.RequestLimiter.#ctor(Solti.Utils.Rpc.WebServiceBuilder,Solti.Utils.Rpc.Pipeline.RequestHandlerBuilder)">
            <summary>
            Creates a new <see cref="T:Solti.Utils.Rpc.Pipeline.RequestLimiter"/> instance.
            </summary>
        </member>
        <member name="M:Solti.Utils.Rpc.Pipeline.RequestLimiter.SetDynamicInterval(System.Func{System.TimeSpan})">
            <summary>
            Sets a function to be used to get the <see cref="P:Solti.Utils.Rpc.Pipeline.IRequestLimiterHandlerConfig.Interval"/> value.
            </summary>
        </member>
        <member name="M:Solti.Utils.Rpc.Pipeline.RequestLimiter.SetStaticInterval(System.TimeSpan)">
            <summary>
            Setsthe <see cref="P:Solti.Utils.Rpc.Pipeline.IRequestLimiterHandlerConfig.Interval"/> value.
            </summary>
        </member>
        <member name="M:Solti.Utils.Rpc.Pipeline.RequestLimiter.SetDynamicThreshold(System.Func{System.Int32})">
            <summary>
            Sets a function to be used to get the <see cref="P:Solti.Utils.Rpc.Pipeline.IRequestLimiterHandlerConfig.Threshold"/> value.
            </summary>
        </member>
        <member name="M:Solti.Utils.Rpc.Pipeline.RequestLimiter.SetStaticThreshold(System.Int32)">
            <summary>
            Sets the <see cref="P:Solti.Utils.Rpc.Pipeline.IRequestLimiterHandlerConfig.Threshold"/> value.
            </summary>
        </member>
        <member name="M:Solti.Utils.Rpc.Pipeline.RequestLimiter.Build(Solti.Utils.Rpc.Interfaces.IRequestHandler)">
            <summary>
            Creates a new <see cref="T:Solti.Utils.Rpc.Pipeline.RequestLimiterHandler"/> instance.
            </summary>
        </member>
        <member name="T:Solti.Utils.Rpc.Pipeline.IRequestTimeoutHandlerConfig">
            <summary>
            Specifies the <see cref="T:Solti.Utils.Rpc.Pipeline.RequestTimeoutHandler"/> configuration.
            </summary>
        </member>
        <member name="P:Solti.Utils.Rpc.Pipeline.IRequestTimeoutHandlerConfig.Timeout">
            <summary>
            The request timeout.
            </summary>
        </member>
        <member name="T:Solti.Utils.Rpc.Pipeline.RequestTimeoutHandler">
            <summary>
            Adds a timeout to the request processing.
            </summary>
        </member>
        <member name="M:Solti.Utils.Rpc.Pipeline.RequestTimeoutHandler.#ctor(Solti.Utils.Rpc.Interfaces.IRequestHandler,Solti.Utils.Rpc.Pipeline.IRequestTimeoutHandlerConfig)">
            <summary>
            Creates a new <see cref="T:Solti.Utils.Rpc.Pipeline.RequestTimeoutHandler"/> instance.
            </summary>
            <remarks>This handler requires a <paramref name="next"/> value to be supplied.</remarks>
        </member>
        <member name="M:Solti.Utils.Rpc.Pipeline.RequestTimeoutHandler.HandleAsync(Solti.Utils.DI.Interfaces.IInjector,Solti.Utils.Rpc.Interfaces.IHttpSession,System.Threading.CancellationToken)">
            <inheritdoc/>
        </member>
        <member name="T:Solti.Utils.Rpc.Pipeline.RequestTimeout">
            <summary>
            Configures the amount of time allowed to serve a request.
            </summary>
        </member>
        <member name="M:Solti.Utils.Rpc.Pipeline.RequestTimeout.#ctor(Solti.Utils.Rpc.WebServiceBuilder,Solti.Utils.Rpc.Pipeline.RequestHandlerBuilder)">
            <summary>
            Creates a new <see cref="T:Solti.Utils.Rpc.Pipeline.RequestTimeout"/> instance.
            </summary>
        </member>
        <member name="P:Solti.Utils.Rpc.Pipeline.RequestTimeout.Timeout">
            <summary>
            The request timeout.
            </summary>
        </member>
        <member name="M:Solti.Utils.Rpc.Pipeline.RequestTimeout.Build(Solti.Utils.Rpc.Interfaces.IRequestHandler)">
            <inheritdoc/>
        </member>
        <member name="T:Solti.Utils.Rpc.Pipeline.ISchemaProviderHandlerConfig">
            <summary>
            Specifies the <see cref="T:Solti.Utils.Rpc.Pipeline.SchemaProviderHandler"/> configuration.
            </summary>
        </member>
        <member name="P:Solti.Utils.Rpc.Pipeline.ISchemaProviderHandlerConfig.Schema">
            <summary>
            The actual schema
            </summary>
        </member>
        <member name="T:Solti.Utils.Rpc.Pipeline.SchemaProviderHandler">
            <summary>
            Adds schema support to the request pipeline.
            </summary>
        </member>
        <member name="M:Solti.Utils.Rpc.Pipeline.SchemaProviderHandler.#ctor(Solti.Utils.Rpc.Interfaces.IRequestHandler,Solti.Utils.Rpc.Pipeline.ISchemaProviderHandlerConfig)">
            <summary>
            Creates a new <see cref="T:Solti.Utils.Rpc.Pipeline.SchemaProviderHandler"/> instance.
            </summary>
            <remarks>This handler requires a <paramref name="next"/> value to be provided.</remarks>
        </member>
        <member name="M:Solti.Utils.Rpc.Pipeline.SchemaProviderHandler.HandleAsync(Solti.Utils.DI.Interfaces.IInjector,Solti.Utils.Rpc.Interfaces.IHttpSession,System.Threading.CancellationToken)">
            <inheritdoc/>
        </member>
        <member name="T:Solti.Utils.Rpc.Pipeline.SchemaProvider">
            <summary>
            Configures the schama provider.
            </summary>
            <remarks>If you are using the <see cref="M:Solti.Utils.Rpc.WebServiceBuilderExtensions.ConfigureRpcService(Solti.Utils.Rpc.WebServiceBuilder,System.Action{Solti.Utils.Rpc.Pipeline.RequestHandlerBuilder},System.Boolean)"/> method, there is no need to configure the provider directly. Instead, use the <see cref="T:Solti.Utils.Rpc.Interfaces.PublishSchemaAttribute"/>.</remarks>
        </member>
        <member name="M:Solti.Utils.Rpc.Pipeline.SchemaProvider.GetMemberId(System.Reflection.MemberInfo)">
            <summary>
            Gets the unique ID of a member.
            </summary>
        </member>
        <member name="M:Solti.Utils.Rpc.Pipeline.SchemaProvider.#ctor(Solti.Utils.Rpc.WebServiceBuilder,Solti.Utils.Rpc.Pipeline.RequestHandlerBuilder)">
            <summary>
            Creates a new <see cref="T:Solti.Utils.Rpc.Pipeline.SchemaProvider"/> instance.
            </summary>
        </member>
        <member name="P:Solti.Utils.Rpc.Pipeline.SchemaProvider.Schema">
            <inheritdoc/>
        </member>
        <member name="M:Solti.Utils.Rpc.Pipeline.SchemaProvider.Register(System.Type)">
            <summary>
            Registers a module interface in the schema "database".
            </summary>
        </member>
        <member name="M:Solti.Utils.Rpc.Pipeline.SchemaProvider.Register``1">
            <summary>
            Registers a module interface in the schema "database".
            </summary>
        </member>
        <member name="M:Solti.Utils.Rpc.Pipeline.SchemaProvider.Build(Solti.Utils.Rpc.Interfaces.IRequestHandler)">
            <inheritdoc/>
        </member>
        <member name="T:Solti.Utils.Rpc.WebServiceBuilderExtensions">
            <summary>
            Defines some handy extensons to the <see cref="T:Solti.Utils.Rpc.WebServiceBuilder"/> class.
            </summary>
        </member>
        <member name="M:Solti.Utils.Rpc.WebServiceBuilderExtensions.BuildMinimalService(Solti.Utils.Rpc.WebServiceBuilder,System.String)">
            <summary>
            Builds a minimal web service.
            </summary>
        </member>
        <member name="M:Solti.Utils.Rpc.WebServiceBuilderExtensions.ConfigureRpcService(Solti.Utils.Rpc.WebServiceBuilder,System.Action{Solti.Utils.Rpc.Pipeline.RequestHandlerBuilder},System.Boolean)">
            <summary>
            Defines a basic RPC service.
            </summary>
            <remarks>The defined RPC service uses: <see cref="T:Solti.Utils.Rpc.Pipeline.ExceptionCatcher"/>, <see cref="T:Solti.Utils.Rpc.Pipeline.RequestLimiter"/>, <see cref="T:Solti.Utils.Rpc.Pipeline.HttpAccessControl"/>, <see cref="T:Solti.Utils.Rpc.Pipeline.SchemaProvider"/>, <see cref="T:Solti.Utils.Rpc.Pipeline.RequestTimeout"/> and <see cref="T:Solti.Utils.Rpc.Pipeline.Modules"/>.</remarks>
        </member>
        <member name="T:Solti.Utils.Rpc.InjectorDotNetBackend">
            <summary>
            The default <see cref="T:Solti.Utils.Rpc.Interfaces.IDiProvider"/> implementation using the <see cref="T:Solti.Utils.DI.ServiceCollection"/> and <see cref="T:Solti.Utils.DI.ScopeFactory"/> classes.
            </summary>
        </member>
        <member name="P:Solti.Utils.Rpc.InjectorDotNetBackend.ScopeOptions">
            <summary>
            The configuration applied on each created scope.
            </summary>
        </member>
        <member name="P:Solti.Utils.Rpc.InjectorDotNetBackend.Services">
            <inheritdoc/>
        </member>
        <member name="M:Solti.Utils.Rpc.InjectorDotNetBackend.CreateFactory(System.Threading.CancellationToken)">
            <inheritdoc/>
        </member>
        <member name="T:Solti.Utils.Rpc.JsonSerializerBackend">
            <summary>
            The default <see cref="T:Solti.Utils.Rpc.Interfaces.IJsonSerializer"/> implementation.
            </summary>
            <remarks>It uses the built-in <see cref="T:System.Text.Json.JsonSerializer"/> class.</remarks>
        </member>
        <member name="P:Solti.Utils.Rpc.JsonSerializerBackend.Options">
            <summary>
            Settings to be passed to the underlying <see cref="T:System.Text.Json.JsonSerializer"/>. 
            </summary>
        </member>
        <member name="M:Solti.Utils.Rpc.JsonSerializerBackend.DeserializeMultiTypeArrayAsync(System.Collections.Generic.IReadOnlyList{System.Type},System.IO.Stream,System.Threading.CancellationToken)">
            <inheritdoc/>
        </member>
        <member name="M:Solti.Utils.Rpc.JsonSerializerBackend.DeserializeMultiTypeArray(System.Collections.Generic.IReadOnlyList{System.Type},System.String)">
            <summary>
            This method is for testing purposes only.
            </summary>
        </member>
        <member name="M:Solti.Utils.Rpc.JsonSerializerBackend.SerializeAsync(System.Type,System.Object,System.IO.Stream,System.Threading.CancellationToken)">
            <inheritdoc/>
        </member>
        <member name="M:Solti.Utils.Rpc.JsonSerializerBackend.Serialize``1(``0)">
            <summary>
            This method is for testing purposes only.
            </summary>
        </member>
        <member name="T:Solti.Utils.Rpc.DefaultHandler">
            <summary>
            Closes the current session by calling the <see cref="M:Solti.Utils.Rpc.Interfaces.IHttpResponse.Close"/> method.
            </summary>
            <remarks>This handler has no configurator.</remarks>
        </member>
        <member name="P:Solti.Utils.Rpc.DefaultHandler.Next">
            <inheritdoc/>
        </member>
        <member name="M:Solti.Utils.Rpc.DefaultHandler.HandleAsync(Solti.Utils.DI.Interfaces.IInjector,Solti.Utils.Rpc.Interfaces.IHttpSession,System.Threading.CancellationToken)">
            <inheritdoc/>
        </member>
        <member name="T:Solti.Utils.Rpc.Servers.HttpListenerBackend">
            <summary>
            Wraps the built-in <see cref="T:System.Net.HttpListener"/> class to be used as a <see cref="T:Solti.Utils.Rpc.Interfaces.IHttpServer"/> service. 
            </summary>
        </member>
        <member name="M:Solti.Utils.Rpc.Servers.HttpListenerBackend.Dispose(System.Boolean)">
            <inheritdoc/>
        </member>
        <member name="M:Solti.Utils.Rpc.Servers.HttpListenerBackend.#ctor(System.String)">
            <summary>
            Creates a new <see cref="T:Solti.Utils.Rpc.Servers.HttpListenerBackend"/> instance.
            </summary>
        </member>
        <member name="P:Solti.Utils.Rpc.Servers.HttpListenerBackend.IsStarted">
            <inheritdoc/>
        </member>
        <member name="P:Solti.Utils.Rpc.Servers.HttpListenerBackend.Url">
            <inheritdoc/>
        </member>
        <member name="P:Solti.Utils.Rpc.Servers.HttpListenerBackend.ReserveUrl">
            <summary>
            Returns true if the system should reserve the <see cref="P:Solti.Utils.Rpc.Servers.HttpListenerBackend.Url"/>.
            </summary>
        </member>
        <member name="M:Solti.Utils.Rpc.Servers.HttpListenerBackend.WaitForSessionAsync(System.Threading.CancellationToken)">
            <inheritdoc/>
        </member>
        <member name="M:Solti.Utils.Rpc.Servers.HttpListenerBackend.Start">
            <inheritdoc/>
        </member>
        <member name="M:Solti.Utils.Rpc.Servers.HttpListenerBackend.Stop">
            <inheritdoc/>
        </member>
        <member name="M:Solti.Utils.Rpc.Servers.HttpListenerBackend.AddUrlReservation(System.String)">
            <summary>
            Adds an URL reservation. For more information see http://msdn.microsoft.com/en-us/library/windows/desktop/cc307223(v=vs.85).aspx
            </summary>        
        </member>
        <member name="M:Solti.Utils.Rpc.Servers.HttpListenerBackend.AddSslCert(System.Net.IPEndPoint,System.String)">
            <summary>
            Binds an SSL certificate to the given IP and port.
            </summary>
        </member>
        <member name="M:Solti.Utils.Rpc.Servers.HttpListenerBackend.RemoveUrlReservation(System.String)">
            <summary>
            Removes an URL reservation. For more information see http://msdn.microsoft.com/en-us/library/windows/desktop/cc307223(v=vs.85).aspx
            </summary>
        </member>
        <member name="M:Solti.Utils.Rpc.Servers.HttpListenerBackend.RemoveSslCert(System.Net.IPEndPoint)">
            <summary>
            Removes the bound SSL certificate.
            </summary>
        </member>
        <member name="T:Solti.Utils.Rpc.Servers.HttpSession">
            <summary>
            Default <see cref="T:Solti.Utils.Rpc.Interfaces.IHttpSession"/> implementation.
            </summary>
        </member>
        <member name="M:Solti.Utils.Rpc.Servers.HttpSession.#ctor(Solti.Utils.Rpc.Interfaces.IHttpServer,Solti.Utils.Rpc.Interfaces.IHttpRequest,Solti.Utils.Rpc.Interfaces.IHttpResponse)">
            <summary>
            Default <see cref="T:Solti.Utils.Rpc.Interfaces.IHttpSession"/> implementation.
            </summary>
        </member>
        <member name="T:Solti.Utils.Rpc.WebService">
            <summary>
            Implements a general Web Service over HTTP. 
            </summary>
        </member>
        <member name="M:Solti.Utils.Rpc.WebService.Dispose(System.Boolean)">
            <inheritdoc/>
        </member>
        <member name="M:Solti.Utils.Rpc.WebService.AsyncDispose">
            <inheritdoc/>
        </member>
        <member name="M:Solti.Utils.Rpc.WebService.DoWork(System.Int32,System.Threading.CancellationToken)">
            <summary>
            Creates a new worker <see cref="T:System.Threading.Tasks.Task"/> that waits for a new session then processes it.
            </summary>
        </member>
        <member name="M:Solti.Utils.Rpc.WebService.#ctor(Solti.Utils.Rpc.Interfaces.IDiProvider,System.Threading.CancellationToken)">
            <summary>
            Creates a new <see cref="T:Solti.Utils.Rpc.WebService"/> instance.
            </summary>
        </member>
        <member name="P:Solti.Utils.Rpc.WebService.ScopeFactory">
            <summary>
            Returns the <see cref="T:Solti.Utils.DI.Interfaces.IScopeFactory"/> related to this instance.
            </summary>
        </member>
        <member name="P:Solti.Utils.Rpc.WebService.HttpServer">
            <summary>
            The underlying <see cref="T:Solti.Utils.Rpc.Interfaces.IHttpServer"/> implementation.
            </summary>
        </member>
        <member name="P:Solti.Utils.Rpc.WebService.Logger">
            <summary>
            The logger associated with this instance.
            </summary>
            <remarks>This logger belongs to the service itself, not intended to be used in worker threads.</remarks>
        </member>
        <member name="M:Solti.Utils.Rpc.WebService.Start">
            <summary>
            Starts the service.
            </summary>
        </member>
        <member name="M:Solti.Utils.Rpc.WebService.Stop">
            <summary>
            Stops the service.
            </summary>
        </member>
        <member name="P:Solti.Utils.Rpc.WebService.IsStarted">
            <summary>
            returns true if the server is started.
            </summary>
        </member>
        <member name="P:Solti.Utils.Rpc.WebService.IsListening">
            <summary>
            Returns true if the server is listening.
            </summary>
        </member>
        <member name="P:Solti.Utils.Rpc.WebService.MaxWorkers">
            <summary>
            The maximum number of worker threads.
            </summary>
        </member>
        <member name="T:Solti.Utils.Rpc.WebServiceBuilder">
            <summary>
            Builds <see cref="T:Solti.Utils.Rpc.WebService"/> instances.
            </summary>
        </member>
        <member name="P:Solti.Utils.Rpc.WebServiceBuilder.DiProvider">
            <summary>
            The DI backend.
            </summary>
        </member>
        <member name="P:Solti.Utils.Rpc.WebServiceBuilder.Pipe">
            <summary>
            The <see cref="T:Solti.Utils.DI.Interfaces.AbstractServiceEntry"/> containing the pipe definition.
            </summary>
        </member>
        <member name="M:Solti.Utils.Rpc.WebServiceBuilder.#ctor">
            <summary>
            Creates a new <see cref="T:Solti.Utils.Rpc.WebServiceBuilder"/> instance.
            </summary>
        </member>
        <member name="M:Solti.Utils.Rpc.WebServiceBuilder.#ctor(Solti.Utils.Rpc.Interfaces.IDiProvider)">
            <summary>
            Creates a new <see cref="T:Solti.Utils.Rpc.WebServiceBuilder"/> instance.
            </summary>
        </member>
        <member name="M:Solti.Utils.Rpc.WebServiceBuilder.ConfigureServices(System.Action{Solti.Utils.DI.Interfaces.IServiceCollection})">
            <summary>
            Configures the required services.
            </summary>
        </member>
        <member name="M:Solti.Utils.Rpc.WebServiceBuilder.ConfigurePipeline(System.Action{Solti.Utils.Rpc.Interfaces.IRequestPipeConfigurator})">
            <summary>
            Configures the request pipeline.
            </summary>
        </member>
        <member name="M:Solti.Utils.Rpc.WebServiceBuilder.ConfigureBackend(System.Func{Solti.Utils.DI.Interfaces.IInjector,Solti.Utils.Rpc.Interfaces.IHttpServer})">
            <summary>
            Configures the backend implementation.
            </summary>
        </member>
        <member name="M:Solti.Utils.Rpc.WebServiceBuilder.Build(System.Threading.CancellationToken)">
            <summary>
            Builds a new <see cref="T:Solti.Utils.Rpc.WebService"/> instance.
            </summary>
        </member>
    </members>
</doc>
