<?xml version="1.0"?>
<doc>
    <assembly>
        <name>Solti.Utils.Rpc.Interfaces</name>
    </assembly>
    <members>
        <member name="T:Solti.Utils.Rpc.Interfaces.AliasAttribute">
            <summary>
            Adds a new alias to a member.
            </summary>
        </member>
        <member name="P:Solti.Utils.Rpc.Interfaces.AliasAttribute.Name">
            <summary>
            The new name.
            </summary>
        </member>
        <member name="M:Solti.Utils.Rpc.Interfaces.AliasAttribute.#ctor(System.String)">
            <summary>
            Creates a new <see cref="T:Solti.Utils.Rpc.Interfaces.AliasAttribute"/> instance.
            </summary>
        </member>
        <member name="T:Solti.Utils.Rpc.Interfaces.DataServiceLoggerAspectAttribute">
            <summary>
            Marks a data-service to be logged.
            </summary>
        </member>
        <member name="M:Solti.Utils.Rpc.Interfaces.DataServiceLoggerAspectAttribute.#ctor">
            <summary>
            Creates a new <see cref="T:Solti.Utils.Rpc.Interfaces.ServiceLoggerAspectAttribute"/> instance.
            </summary>
        </member>
        <member name="T:Solti.Utils.Rpc.Interfaces.LoggerAspectAttribute">
            <summary>
            Marks a module or service to be logged.
            </summary>
        </member>
        <member name="M:Solti.Utils.Rpc.Interfaces.LoggerAspectAttribute.#ctor(System.Type[])">
            <summary>
            Creates a new <see cref="T:Solti.Utils.Rpc.Interfaces.LoggerAspectAttribute"/> instance.
            </summary>
        </member>
        <member name="M:Solti.Utils.Rpc.Interfaces.LoggerAspectAttribute.#ctor">
            <summary>
            Creates a new <see cref="T:Solti.Utils.Rpc.Interfaces.LoggerAspectAttribute"/> instance.
            </summary>
        </member>
        <member name="P:Solti.Utils.Rpc.Interfaces.LoggerAspectAttribute.DefaultLoggers">
            <summary>
            The default loggers. This value can be overridden per methods by the <see cref="T:Solti.Utils.Rpc.Interfaces.LoggersAttribute"/>. 
            </summary>
        </member>
        <member name="M:Solti.Utils.Rpc.Interfaces.LoggerAspectAttribute.GetInterceptorType(System.Type)">
            <inheritdoc/>
        </member>
        <member name="T:Solti.Utils.Rpc.Interfaces.LoggersAttribute">
            <summary>
            Collects the related loogers.
            </summary>
        </member>
        <member name="P:Solti.Utils.Rpc.Interfaces.LoggersAttribute.Value">
            <summary>
            The logger instances.
            </summary>
        </member>
        <member name="M:Solti.Utils.Rpc.Interfaces.LoggersAttribute.#ctor(System.Type[])">
            <summary>
            Creates a new <see cref="T:Solti.Utils.Rpc.Interfaces.LoggersAttribute"/> instance.
            </summary>>
        </member>
        <member name="M:Solti.Utils.Rpc.Interfaces.LoggersAttribute.#ctor">
            <summary>
            Creates a new <see cref="T:Solti.Utils.Rpc.Interfaces.LoggersAttribute"/> instance.
            </summary>>
        </member>
        <member name="T:Solti.Utils.Rpc.Interfaces.ModuleLoggerAspectAttribute">
            <summary>
            Marks a module to be logged.
            </summary>
        </member>
        <member name="M:Solti.Utils.Rpc.Interfaces.ModuleLoggerAspectAttribute.#ctor">
            <summary>
            Creates a new <see cref="T:Solti.Utils.Rpc.Interfaces.ModuleLoggerAspectAttribute"/> instance.
            </summary>
        </member>
        <member name="T:Solti.Utils.Rpc.Interfaces.ServiceLoggerAspectAttribute">
            <summary>
            Marks a service to be logged.
            </summary>
        </member>
        <member name="M:Solti.Utils.Rpc.Interfaces.ServiceLoggerAspectAttribute.#ctor">
            <summary>
            Creates a new <see cref="T:Solti.Utils.Rpc.Interfaces.ServiceLoggerAspectAttribute"/> instance.
            </summary>
        </member>
        <member name="T:Solti.Utils.Rpc.Interfaces.LengthBetweenAttribute">
            <summary>
            Ensures that the string representation of a parameter or property matches the given pattern.
            </summary>
        </member>
        <member name="M:Solti.Utils.Rpc.Interfaces.LengthBetweenAttribute.#ctor(System.Int32,System.Int32)">
            <summary>
            Creates a new <see cref="T:Solti.Utils.Rpc.Interfaces.LengthBetweenAttribute"/> instance.
            </summary>
        </member>
        <member name="P:Solti.Utils.Rpc.Interfaces.LengthBetweenAttribute.Min">
            <summary>
            The minimum length of the value.
            </summary>
        </member>
        <member name="P:Solti.Utils.Rpc.Interfaces.LengthBetweenAttribute.Max">
            <summary>
            The maximum length of the value.
            </summary>
        </member>
        <member name="P:Solti.Utils.Rpc.Interfaces.LengthBetweenAttribute.ParameterValidationErrorMessage">
            <summary>
            See <see cref="P:Solti.Utils.Rpc.Interfaces.IParameterValidator.ParameterValidationErrorMessage"/>.
            </summary>
        </member>
        <member name="P:Solti.Utils.Rpc.Interfaces.LengthBetweenAttribute.PropertyValidationErrorMessage">
            <summary>
            See <see cref="P:Solti.Utils.Rpc.Interfaces.IPropertyValidator.PropertyValidationErrorMessage"/>.
            </summary>
        </member>
        <member name="T:Solti.Utils.Rpc.Interfaces.MatchAttribute">
            <summary>
            Ensures that the string representation of a parameter or property matches the given pattern.
            </summary>
        </member>
        <member name="M:Solti.Utils.Rpc.Interfaces.MatchAttribute.#ctor(System.String,System.Text.RegularExpressions.RegexOptions)">
            <summary>
            Creates a new <see cref="T:Solti.Utils.Rpc.Interfaces.MatchAttribute"/> instance.
            </summary>
        </member>
        <member name="P:Solti.Utils.Rpc.Interfaces.MatchAttribute.PropertyValidationErrorMessage">
            <summary>
            The message that is thrown when the match was not successful.
            </summary>
        </member>
        <member name="P:Solti.Utils.Rpc.Interfaces.MatchAttribute.ParameterValidationErrorMessage">
            <summary>
            The message that is thrown when the match was not successful.
            </summary>
        </member>
        <member name="T:Solti.Utils.Rpc.Interfaces.MustAttribute">
            <summary>
            Ensures that the value a parameter or property passes the given validation.
            </summary>
        </member>
        <member name="M:Solti.Utils.Rpc.Interfaces.MustAttribute.#ctor(System.Type)">
            <summary>
            Creates a new <see cref="T:Solti.Utils.Rpc.Interfaces.MustAttribute"/> class.
            </summary>
        </member>
        <member name="P:Solti.Utils.Rpc.Interfaces.MustAttribute.PropertyValidationErrorMessage">
            <summary>
            See <see cref="P:Solti.Utils.Rpc.Interfaces.IPropertyValidator.PropertyValidationErrorMessage"/>.
            </summary>
        </member>
        <member name="P:Solti.Utils.Rpc.Interfaces.MustAttribute.ParameterValidationErrorMessage">
            <summary>
            See <see cref="P:Solti.Utils.Rpc.Interfaces.IParameterValidator.ParameterValidationErrorMessage"/>.
            </summary>
        </member>
        <member name="T:Solti.Utils.Rpc.Interfaces.NotEmptyAttribute">
            <summary>
            Ensures that the value of a parameter or property is not empty.
            </summary>
        </member>
        <member name="M:Solti.Utils.Rpc.Interfaces.NotEmptyAttribute.#ctor">
            <summary>
            Creates a new <see cref="T:Solti.Utils.Rpc.Interfaces.NotNullAttribute"/> class.
            </summary>
        </member>
        <member name="P:Solti.Utils.Rpc.Interfaces.NotEmptyAttribute.PropertyValidationErrorMessage">
            <summary>
            See <see cref="P:Solti.Utils.Rpc.Interfaces.IPropertyValidator.PropertyValidationErrorMessage"/>.
            </summary>
        </member>
        <member name="P:Solti.Utils.Rpc.Interfaces.NotEmptyAttribute.ParameterValidationErrorMessage">
            <summary>
            See <see cref="P:Solti.Utils.Rpc.Interfaces.IParameterValidator.ParameterValidationErrorMessage"/>.
            </summary>
        </member>
        <member name="T:Solti.Utils.Rpc.Interfaces.NotNullAttribute">
            <summary>
            Ensures that a parameter or property is not null.
            </summary>
        </member>
        <member name="M:Solti.Utils.Rpc.Interfaces.NotNullAttribute.#ctor">
            <summary>
            Creates a new <see cref="T:Solti.Utils.Rpc.Interfaces.NotNullAttribute"/> class.
            </summary>
        </member>
        <member name="P:Solti.Utils.Rpc.Interfaces.NotNullAttribute.PropertyValidationErrorMessage">
            <summary>
            See <see cref="P:Solti.Utils.Rpc.Interfaces.IPropertyValidator.PropertyValidationErrorMessage"/>.
            </summary>
        </member>
        <member name="P:Solti.Utils.Rpc.Interfaces.NotNullAttribute.ParameterValidationErrorMessage">
            <summary>
            See <see cref="P:Solti.Utils.Rpc.Interfaces.IParameterValidator.ParameterValidationErrorMessage"/>.
            </summary>
        </member>
        <member name="T:Solti.Utils.Rpc.Interfaces.ParameterValidatorAspectAttribute">
            <summary>
            Indicates that the methods of a service may validate their parameters.
            </summary>
        </member>
        <member name="P:Solti.Utils.Rpc.Interfaces.ParameterValidatorAspectAttribute.Aggregate">
            <summary>
            Returns true if the validator should collect all the validation errors.
            </summary>
        </member>
        <member name="M:Solti.Utils.Rpc.Interfaces.ParameterValidatorAspectAttribute.#ctor(System.Boolean)">
            <summary>
            Creates a new <see cref="T:Solti.Utils.Rpc.Interfaces.ParameterValidatorAspectAttribute"/> instance.
            </summary>
        </member>
        <member name="M:Solti.Utils.Rpc.Interfaces.ParameterValidatorAspectAttribute.GetInterceptorType(System.Type)">
            <inheritdoc/>
        </member>
        <member name="T:Solti.Utils.Rpc.Interfaces.ValidatePropertiesAttribute">
            <summary>
            Indicates that the properties of a parameter or property may be validated.
            </summary>
        </member>
        <member name="P:Solti.Utils.Rpc.Interfaces.ValidatePropertiesAttribute.Aggregate">
            <summary>
            Returns true if the validator should collect all the validation errors.
            </summary>
        </member>
        <member name="M:Solti.Utils.Rpc.Interfaces.ValidatePropertiesAttribute.#ctor(System.Boolean)">
            <summary>
            Creates a new <see cref="T:Solti.Utils.Rpc.Interfaces.ValidatePropertiesAttribute"/> instance.
            </summary>
        </member>
        <member name="M:Solti.Utils.Rpc.Interfaces.ValidatePropertiesAttribute.ShouldRun(System.Reflection.MethodInfo,Solti.Utils.DI.Interfaces.IInjector)">
            <inheritdoc/>
        </member>
        <member name="T:Solti.Utils.Rpc.Interfaces.ValidatorAttributeBase">
            <summary>
            Base class for validator attributes e.g.: <see cref="T:Solti.Utils.Rpc.Interfaces.NotNullAttribute"/>.
            </summary>
        </member>
        <member name="M:Solti.Utils.Rpc.Interfaces.ValidatorAttributeBase.#ctor(System.Boolean)">
            <summary>
            Creates a new <see cref="T:Solti.Utils.Rpc.Interfaces.ValidatorAttributeBase"/> instance.
            </summary>
        </member>
        <member name="P:Solti.Utils.Rpc.Interfaces.ValidatorAttributeBase.Condition">
            <summary>
            If set, it should point to a class implementing the <see cref="T:Solti.Utils.Rpc.Interfaces.IConditionalValidatior"/> interface.
            </summary>
        </member>
        <member name="P:Solti.Utils.Rpc.Interfaces.ValidatorAttributeBase.SupportsNull">
            <summary>
            See <see cref="P:Solti.Utils.Rpc.Interfaces.ICustomValidator.SupportsNull"/>.
            </summary>
        </member>
        <member name="M:Solti.Utils.Rpc.Interfaces.ValidatorAttributeBase.ShouldRun(System.Reflection.MethodInfo,Solti.Utils.DI.Interfaces.IInjector)">
            <summary>
            See <see cref="M:Solti.Utils.Rpc.Interfaces.IConditionalValidatior.ShouldRun(System.Reflection.MethodInfo,Solti.Utils.DI.Interfaces.IInjector)"/>.
            </summary>
        </member>
        <member name="T:Solti.Utils.Rpc.Interfaces.RequiredRolesAttribute">
            <summary>
            Specifies the roles required for the module method invocation.
            </summary>
            <remarks>The module should be annotated with the <see cref="T:Solti.Utils.Rpc.Interfaces.RoleValidatorAspectAttribute"/>.</remarks>
        </member>
        <member name="P:Solti.Utils.Rpc.Interfaces.RequiredRolesAttribute.RoleGroups">
            <summary>
            The list of role groups required for module method invocation, e.g.: <br/>
            [0] MyRoles.StandardUser | MyRoles.CanPrint <br/>
            [1] MyRoles.Admin // admins are allowed to print by default
            </summary>
            <remarks>If no roles specified, anonymous access is allowed.</remarks>
        </member>
        <member name="M:Solti.Utils.Rpc.Interfaces.RequiredRolesAttribute.#ctor(System.Object)">
            <summary>
            Creates a new <see cref="T:Solti.Utils.Rpc.Interfaces.RequiredRolesAttribute"/> instance. You may specify more groups: <br/>
            [MyRoles.Admin)]
            </summary>
            <param name="roleGroup"></param>
        </member>
        <member name="M:Solti.Utils.Rpc.Interfaces.RequiredRolesAttribute.#ctor(System.Object[])">
            <summary>
            Creates a new <see cref="T:Solti.Utils.Rpc.Interfaces.RequiredRolesAttribute"/> instance. You may specify more groups: <br/>
            [RequiredRoles(MyRoles.StandardUser | MyRoles.CanPrint, MyRoles.Admin)]
            </summary>
        </member>
        <member name="T:Solti.Utils.Rpc.Interfaces.RoleValidatorAspectAttribute">
            <summary>
            Validates if the caller have sufficient privileges to call module methods.
            </summary>
            <remarks>In order to use this aspect you have to implement and register the <see cref="T:Solti.Utils.Rpc.Interfaces.IRoleManager"/> service.</remarks>
        </member>
        <member name="M:Solti.Utils.Rpc.Interfaces.RoleValidatorAspectAttribute.GetInterceptorType(System.Type)">
            <inheritdoc/>
        </member>
        <member name="T:Solti.Utils.Rpc.Interfaces.TransactionalAttribute">
            <summary>
            Marks a method to be transactional.
            </summary>
        </member>
        <member name="P:Solti.Utils.Rpc.Interfaces.TransactionalAttribute.IsolationLevel">
            <summary>
            The <see cref="T:System.Data.IsolationLevel"/> of the transaction.
            </summary>
        </member>
        <member name="T:Solti.Utils.Rpc.Interfaces.TransactionAspectAttribute">
            <summary>
            Indicates that the methods of a service may use transactions.
            </summary>
        </member>
        <member name="M:Solti.Utils.Rpc.Interfaces.TransactionAspectAttribute.GetInterceptorType(System.Type)">
            <inheritdoc/>
        </member>
        <member name="T:Solti.Utils.Rpc.Interfaces.IgnoreAttribute">
            <summary>
            Ignores a member.
            </summary>
        </member>
        <member name="T:Solti.Utils.Rpc.Interfaces.PublishSchemaAttribute">
            <summary>
            Indicates that the schema of the annotated module should be published.
            </summary>
        </member>
        <member name="T:Solti.Utils.Rpc.Interfaces.ExceptionInfo">
            <summary>
            Describes a remote exception.
            </summary>
        </member>
        <member name="P:Solti.Utils.Rpc.Interfaces.ExceptionInfo.TypeName">
            <summary>
            The assembly-qualified name of the exception type.
            </summary>
        </member>
        <member name="P:Solti.Utils.Rpc.Interfaces.ExceptionInfo.Message">
            <summary>
            The message of the remote exception.
            </summary>
        </member>
        <member name="P:Solti.Utils.Rpc.Interfaces.ExceptionInfo.Data">
            <summary>
            Custom data associated with the exception.
            </summary>
        </member>
        <member name="T:Solti.Utils.Rpc.Interfaces.HttpException">
            <summary>
            Represents a HTTP error.
            </summary>
        </member>
        <member name="M:Solti.Utils.Rpc.Interfaces.HttpException.#ctor(System.String)">
            <summary>
            Creates a new <see cref="T:Solti.Utils.Rpc.Interfaces.HttpException"/> instance.
            </summary>
        </member>
        <member name="M:Solti.Utils.Rpc.Interfaces.HttpException.#ctor(System.String,System.Exception)">
            <summary>
            Creates a new <see cref="T:Solti.Utils.Rpc.Interfaces.HttpException"/> instance.
            </summary>
        </member>
        <member name="M:Solti.Utils.Rpc.Interfaces.HttpException.#ctor">
            <summary>
            Creates a new <see cref="T:Solti.Utils.Rpc.Interfaces.HttpException"/> instance.
            </summary>
        </member>
        <member name="P:Solti.Utils.Rpc.Interfaces.HttpException.Status">
            <summary>
            The related status code.
            </summary>
        </member>
        <member name="T:Solti.Utils.Rpc.Interfaces.MissingModuleException">
            <summary>
            The exception that is thrown when a module could not be found.
            </summary>
        </member>
        <member name="M:Solti.Utils.Rpc.Interfaces.MissingModuleException.#ctor(System.String)">
            <summary>
            Creates a new <see cref="T:Solti.Utils.Rpc.Interfaces.MissingModuleException"/> instance.
            </summary>
        </member>
        <member name="T:Solti.Utils.Rpc.Interfaces.ValidationException">
            <summary>
            Represents a validation error.
            </summary>
        </member>
        <member name="P:Solti.Utils.Rpc.Interfaces.ValidationException.TargetName">
            <summary>
            The name of parameter or property on which the validation failed.
            </summary>
        </member>
        <member name="M:Solti.Utils.Rpc.Interfaces.ValidationException.#ctor(System.String)">
            <summary>
            Creates a new <see cref="T:Solti.Utils.Rpc.Interfaces.ValidationException"/> instance.
            </summary>
        </member>
        <member name="M:Solti.Utils.Rpc.Interfaces.ValidationException.#ctor(System.String,System.Exception)">
            <summary>
            Creates a new <see cref="T:Solti.Utils.Rpc.Interfaces.ValidationException"/> instance.
            </summary>
        </member>
        <member name="M:Solti.Utils.Rpc.Interfaces.ValidationException.#ctor">
            <summary>
            Creates a new <see cref="T:Solti.Utils.Rpc.Interfaces.ValidationException"/> instance.
            </summary>
        </member>
        <member name="T:Solti.Utils.Rpc.Interfaces.IConditionalValidatior">
            <summary>
            Determines whether a validator should run or not.
            </summary>
            <remarks>Implementations should not contain complex logics, so this interface has no asynchronous counterpart.</remarks>
        </member>
        <member name="M:Solti.Utils.Rpc.Interfaces.IConditionalValidatior.ShouldRun(System.Reflection.MethodInfo,Solti.Utils.DI.Interfaces.IInjector)">
            <summary>
            Returns true if the validator should run.
            </summary>
        </member>
        <member name="T:Solti.Utils.Rpc.Interfaces.ICustomValidator">
            <summary>
            Describes the common functionality of all the validators.
            </summary>
        </member>
        <member name="P:Solti.Utils.Rpc.Interfaces.ICustomValidator.SupportsNull">
            <summary>
            Returns true if the validator can handle NULL values.
            </summary>
        </member>
        <member name="T:Solti.Utils.Rpc.Interfaces.IParameterValidator">
            <summary>
            Defines an abstract parameter validator.
            </summary>
        </member>
        <member name="P:Solti.Utils.Rpc.Interfaces.IParameterValidator.ParameterValidationErrorMessage">
            <summary>
            The message that is thrown when the validation failed.
            </summary>
        </member>
        <member name="M:Solti.Utils.Rpc.Interfaces.IParameterValidator.Validate(System.Reflection.ParameterInfo,System.Object,Solti.Utils.DI.Interfaces.IInjector)">
            <summary>
            Defines the layout of the validator method.
            </summary>
        </member>
        <member name="T:Solti.Utils.Rpc.Interfaces.IAsyncParameterValidator">
            <summary>
            Defines an abstract, asynchronous parameter validator.
            </summary>
        </member>
        <member name="M:Solti.Utils.Rpc.Interfaces.IAsyncParameterValidator.ValidateAsync(System.Reflection.ParameterInfo,System.Object,Solti.Utils.DI.Interfaces.IInjector)">
            <summary>
            Defines the asynchronous layout of the validator method.
            </summary>
        </member>
        <member name="T:Solti.Utils.Rpc.Interfaces.IPredicate">
            <summary>
            Describes a logic that tests for a condition.
            </summary>
        </member>
        <member name="M:Solti.Utils.Rpc.Interfaces.IPredicate.Execute(System.Object,Solti.Utils.DI.Interfaces.IInjector)">
            <summary>
            Executes the predicate.
            </summary>
        </member>
        <member name="T:Solti.Utils.Rpc.Interfaces.IAsyncPredicate">
            <summary>
            Describes a logic that tests for a condition.
            </summary>
        </member>
        <member name="M:Solti.Utils.Rpc.Interfaces.IAsyncPredicate.ExecuteAsync(System.Object,Solti.Utils.DI.Interfaces.IInjector)">
            <summary>
            Executes the predicate.
            </summary>
        </member>
        <member name="T:Solti.Utils.Rpc.Interfaces.IPropertyValidator">
            <summary>
            Defines an abstract property validator.
            </summary>
        </member>
        <member name="P:Solti.Utils.Rpc.Interfaces.IPropertyValidator.PropertyValidationErrorMessage">
            <summary>
            The message that is thrown when the validation failed.
            </summary>
        </member>
        <member name="M:Solti.Utils.Rpc.Interfaces.IPropertyValidator.Validate(System.Reflection.PropertyInfo,System.Object,Solti.Utils.DI.Interfaces.IInjector)">
            <summary>
            Defines the layout of the validator method.
            </summary>
        </member>
        <member name="T:Solti.Utils.Rpc.Interfaces.IAsyncPropertyValidator">
            <summary>
            Defines an abstract, asynchronous property validator.
            </summary>
        </member>
        <member name="M:Solti.Utils.Rpc.Interfaces.IAsyncPropertyValidator.ValidateAsync(System.Reflection.PropertyInfo,System.Object,Solti.Utils.DI.Interfaces.IInjector)">
            <summary>
            Defines the asynchronous layout of the validator method.
            </summary>
        </member>
        <member name="T:Solti.Utils.Rpc.Interfaces.IRoleManager">
            <summary>
            Contains some role related logic.
            </summary>
        </member>
        <member name="M:Solti.Utils.Rpc.Interfaces.IRoleManager.GetAssignedRoles(System.String)">
            <summary>
            Gets the roles assigned to the given <paramref name="sessionId"/>.
            </summary>
            <remarks>Returns the value of 0 if the <paramref name="sessionId"/> is null.</remarks>
        </member>
        <member name="M:Solti.Utils.Rpc.Interfaces.IRoleManager.GetAssignedRolesAsync(System.String,System.Threading.CancellationToken)">
            <summary>
            Gets the roles assigned to the given <paramref name="sessionId"/>.
            </summary>
            <remarks>Returns the value of 0 if the <paramref name="sessionId"/> is null.</remarks>
        </member>
        <member name="T:Solti.Utils.Rpc.Interfaces.IHttpRequest">
            <summary>
            Represents an abstract HTTP request.
            </summary>
        </member>
        <member name="P:Solti.Utils.Rpc.Interfaces.IHttpRequest.Headers">
            <summary>
            The headers sent by the client.
            </summary>
        </member>
        <member name="P:Solti.Utils.Rpc.Interfaces.IHttpRequest.QueryParameters">
            <summary>
            The query parameters of the request.
            </summary>
        </member>
        <member name="P:Solti.Utils.Rpc.Interfaces.IHttpRequest.Method">
            <summary>
            The HTTP method.
            </summary>
        </member>
        <member name="P:Solti.Utils.Rpc.Interfaces.IHttpRequest.Payload">
            <summary>
            The body of the request.
            </summary>
        </member>
        <member name="P:Solti.Utils.Rpc.Interfaces.IHttpRequest.RemoteEndPoint">
            <summary>
            The IP of the client.
            </summary>
        </member>
        <member name="P:Solti.Utils.Rpc.Interfaces.IHttpRequest.OriginalRequest">
            <summary>
            The original request.
            </summary>
        </member>
        <member name="T:Solti.Utils.Rpc.Interfaces.IHttpResponse">
            <summary>
            Represents an abstract HTTP respone.
            </summary>
        </member>
        <member name="P:Solti.Utils.Rpc.Interfaces.IHttpResponse.StatusCode">
            <summary>
            Gets or sets the status code of the response.
            </summary>
        </member>
        <member name="P:Solti.Utils.Rpc.Interfaces.IHttpResponse.Payload">
            <summary>
            The response body.
            </summary>
            <remarks>Content-Length is calculated from the <see cref="P:System.IO.Stream.Length"/> property.</remarks>
        </member>
        <member name="P:Solti.Utils.Rpc.Interfaces.IHttpResponse.Headers">
            <summary>
            The headers being sent to the client.
            </summary>
        </member>
        <member name="P:Solti.Utils.Rpc.Interfaces.IHttpResponse.IsClosed">
            <summary>
            Returns true if the response has already been closed.
            </summary>
        </member>
        <member name="M:Solti.Utils.Rpc.Interfaces.IHttpResponse.Close">
            <summary>
            Closes the curent session.
            </summary>
        </member>
        <member name="P:Solti.Utils.Rpc.Interfaces.IHttpResponse.OriginalResponse">
            <summary>
            The original response.
            </summary>
        </member>
        <member name="T:Solti.Utils.Rpc.Interfaces.IHttpServer">
            <summary>
            Describes an abstract HTTP server.
            </summary>
        </member>
        <member name="P:Solti.Utils.Rpc.Interfaces.IHttpServer.IsStarted">
            <summary>
            Returns true if the server is started.
            </summary>
        </member>
        <member name="P:Solti.Utils.Rpc.Interfaces.IHttpServer.Url">
            <summary>
            The URL on which the server listens.
            </summary>
        </member>
        <member name="M:Solti.Utils.Rpc.Interfaces.IHttpServer.WaitForSessionAsync(System.Threading.CancellationToken)">
            <summary>
            If the server is listening, this method waits until a new request is availbale. 
            </summary>
            <remarks>It's safe to call this method parallelly.</remarks>
            <exception cref="T:System.OperationCanceledException">Either the server was stopped or a <paramref name="cancellation"/> was requested.</exception>
        </member>
        <member name="M:Solti.Utils.Rpc.Interfaces.IHttpServer.Start">
            <summary>
            Starts the server.
            </summary>
            <exception cref="T:System.InvalidOperationException">The server has already been started.</exception>
        </member>
        <member name="M:Solti.Utils.Rpc.Interfaces.IHttpServer.Stop">
            <summary>
            Stops the server.
            </summary>
            <remarks>This method should not free resources so the already started sessions can gracefully terminate.</remarks>
        </member>
        <member name="T:Solti.Utils.Rpc.Interfaces.IHttpSession">
            <summary>
            Represents an abstract HTTP session.
            </summary>
        </member>
        <member name="P:Solti.Utils.Rpc.Interfaces.IHttpSession.Server">
            <summary>
            Gets the server instance that started this session.
            </summary>
        </member>
        <member name="P:Solti.Utils.Rpc.Interfaces.IHttpSession.Request">
            <summary>
            The HTTP request.
            </summary>
        </member>
        <member name="P:Solti.Utils.Rpc.Interfaces.IHttpSession.Response">
            <summary>
            The HTTP response.
            </summary>
        </member>
        <member name="T:Solti.Utils.Rpc.Interfaces.IBuilder`1">
            <summary>
            Defines a service that is responsible for building another services.
            </summary>
        </member>
        <member name="T:Solti.Utils.Rpc.Interfaces.IBuilder`1.IParameterizedBuilder`1">
            <summary>
            Defines a parameterized service that is responsible for building another services.
            </summary>
        </member>
        <member name="M:Solti.Utils.Rpc.Interfaces.IBuilder`1.IParameterizedBuilder`1.Build(`1)">
            <summary>
            Builds a new <typeparamref name="TBuiltService"/> instance.
            </summary>
        </member>
        <member name="M:Solti.Utils.Rpc.Interfaces.IBuilder`1.Build">
            <summary>
            Builds a new <typeparamref name="TBuiltService"/> instance.
            </summary>
        </member>
        <member name="T:Solti.Utils.Rpc.Interfaces.IDiProvider">
            <summary>
            Specifies the contract for dependency injection.
            </summary>
        </member>
        <member name="P:Solti.Utils.Rpc.Interfaces.IDiProvider.Services">
            <summary>
            Services from which the scopes will be created.
            </summary>
        </member>
        <member name="M:Solti.Utils.Rpc.Interfaces.IDiProvider.CreateFactory(System.Threading.CancellationToken)">
            <summary>
            Creates a new <see cref="T:Solti.Utils.DI.Interfaces.IScopeFactory"/> instance against the given <see cref="P:Solti.Utils.Rpc.Interfaces.IDiProvider.Services"/>.
            </summary>
        </member>
        <member name="T:Solti.Utils.Rpc.Interfaces.IJsonSerializer">
            <summary>
            Describes an abstract JSON serializer.
            </summary>
            <remarks>The implementation should be thread safe.</remarks>
        </member>
        <member name="M:Solti.Utils.Rpc.Interfaces.IJsonSerializer.DeserializeMultiTypeArrayAsync(System.Collections.Generic.IReadOnlyList{System.Type},System.IO.Stream,System.Threading.CancellationToken)">
            <summary>
            Deserializes a multi-type array.
            </summary>
        </member>
        <member name="M:Solti.Utils.Rpc.Interfaces.IJsonSerializer.SerializeAsync(System.Type,System.Object,System.IO.Stream,System.Threading.CancellationToken)">
            <summary>
            Serailizes an object.
            </summary>
        </member>
        <member name="T:Solti.Utils.Rpc.Interfaces.IRequestHandler">
            <summary>
            Describes a request handler service.
            </summary>
            <remarks>Requests are processed in a pipeline which consits of one or more <see cref="T:Solti.Utils.Rpc.Interfaces.IRequestHandler"/> service.</remarks>
        </member>
        <member name="P:Solti.Utils.Rpc.Interfaces.IRequestHandler.Next">
            <summary>
            The next handler to be called.
            </summary>
            <remarks>A handler should not invoke the <see cref="P:Solti.Utils.Rpc.Interfaces.IRequestHandler.Next"/> instance after closing the session.</remarks>
        </member>
        <member name="M:Solti.Utils.Rpc.Interfaces.IRequestHandler.HandleAsync(Solti.Utils.DI.Interfaces.IInjector,Solti.Utils.Rpc.Interfaces.IHttpSession,System.Threading.CancellationToken)">
            <summary>
            Does some handler specific work.
            </summary>
        </member>
        <member name="T:Solti.Utils.Rpc.Interfaces.IRequestPipeConfigurator">
            <summary>
            Describes how to configure the request pipeline.
            </summary>
        </member>
        <member name="M:Solti.Utils.Rpc.Interfaces.IRequestPipeConfigurator.Use``1(System.Action{``0})">
            <summary>
            Uses the given <typeparamref name="TRequestHandlerBuilder"/> to configure the request pipe.
            </summary>
        </member>
        <member name="T:Solti.Utils.Rpc.Interfaces.IRpcRequestContext">
            <summary>
            Encapsulates all the informations related to a request.
            </summary>
        </member>
        <member name="P:Solti.Utils.Rpc.Interfaces.IRpcRequestContext.SessionId">
            <summary>
            The (optional) session ID.
            </summary>
        </member>
        <member name="P:Solti.Utils.Rpc.Interfaces.IRpcRequestContext.Module">
            <summary>
            The module we want to invoke.
            </summary>
        </member>
        <member name="P:Solti.Utils.Rpc.Interfaces.IRpcRequestContext.Method">
            <summary>
            The module method.
            </summary>
            <remarks>The module being invoked must not use by ref parameters.</remarks>
        </member>
        <member name="P:Solti.Utils.Rpc.Interfaces.IRpcRequestContext.Cancellation">
            <summary>
            Notifies the request processor that the operation should be canceled.
            </summary>
        </member>
        <member name="P:Solti.Utils.Rpc.Interfaces.IRpcRequestContext.Payload">
            <summary>
            Gets the payload containing the request parameters.
            </summary>
        </member>
        <member name="P:Solti.Utils.Rpc.Interfaces.IRpcRequestContext.OriginalRequest">
            <summary>
            Gets the original request.
            </summary>
        </member>
        <member name="T:Solti.Utils.Rpc.Interfaces.IServiceDescriptor">
            <summary>
            Exposes the description of a RPC service.
            </summary>
        </member>
        <member name="P:Solti.Utils.Rpc.Interfaces.IServiceDescriptor.Name">
            <summary>
            The name of the RPC service.
            </summary>
        </member>
        <member name="P:Solti.Utils.Rpc.Interfaces.IServiceDescriptor.Version">
            <summary>
            The version of the RPC service.
            </summary>
        </member>
        <member name="T:Solti.Utils.Rpc.Interfaces.LogContext">
            <summary>
            Contains the log context.
            </summary>
        </member>
        <member name="P:Solti.Utils.Rpc.Interfaces.LogContext.Method">
            <summary>
            The interface method which was invoked.
            </summary>
        </member>
        <member name="P:Solti.Utils.Rpc.Interfaces.LogContext.Args">
            <summary>
            The arguments passed to the invocation.
            </summary>
        </member>
        <member name="P:Solti.Utils.Rpc.Interfaces.LogContext.Member">
            <summary>
            The member from which the <see cref="P:Solti.Utils.Rpc.Interfaces.LogContext.Method"/> was extracted. For e.g. a <see cref="T:System.Reflection.PropertyInfo"/>.
            </summary>
        </member>
        <member name="P:Solti.Utils.Rpc.Interfaces.LogContext.Scope">
            <summary>
            The current scope.
            </summary>
        </member>
        <member name="P:Solti.Utils.Rpc.Interfaces.LogContext.Logger">
            <summary>
            The concrete logger, related to the current scope.
            </summary>
        </member>
        <member name="T:Solti.Utils.Rpc.Interfaces.ExceptionLogger">
            <summary>
            Logs the unhandled exceptions.
            </summary>
        </member>
        <member name="M:Solti.Utils.Rpc.Interfaces.ExceptionLogger.Invoke(Solti.Utils.Rpc.Interfaces.LogContext,System.Func{System.Object})">
            <inheritdoc/>
        </member>
        <member name="T:Solti.Utils.Rpc.Interfaces.LoggerBase">
            <summary>
            Defines an abstract logger.
            </summary>
        </member>
        <member name="M:Solti.Utils.Rpc.Interfaces.LoggerBase.Invoke(Solti.Utils.Rpc.Interfaces.LogContext,System.Func{System.Object})">
            <summary>
            Logger implementation.
            </summary>
        </member>
        <member name="T:Solti.Utils.Rpc.Interfaces.ModuleMethodScopeLogger">
            <summary>
            Creates a new log scope containing the module and method name and the session id.
            </summary>
            <remarks>This logger is intended to be used on modules only.</remarks>
        </member>
        <member name="M:Solti.Utils.Rpc.Interfaces.ModuleMethodScopeLogger.Invoke(Solti.Utils.Rpc.Interfaces.LogContext,System.Func{System.Object})">
            <inheritdoc/>
        </member>
        <member name="T:Solti.Utils.Rpc.Interfaces.ParameterLogger">
            <summary>
            Logs the invocation parameters.
            </summary>
        </member>
        <member name="M:Solti.Utils.Rpc.Interfaces.ParameterLogger.Invoke(Solti.Utils.Rpc.Interfaces.LogContext,System.Func{System.Object})">
            <inheritdoc/>
        </member>
        <member name="T:Solti.Utils.Rpc.Interfaces.ServiceMethodScopeLogger">
            <summary>
            Creates a new log scope containing the service and method name.
            </summary>
        </member>
        <member name="M:Solti.Utils.Rpc.Interfaces.ServiceMethodScopeLogger.Invoke(Solti.Utils.Rpc.Interfaces.LogContext,System.Func{System.Object})">
            <inheritdoc/>
        </member>
        <member name="T:Solti.Utils.Rpc.Interfaces.StopWatchLogger">
            <summary>
            Logs the invocation duration.
            </summary>
        </member>
        <member name="M:Solti.Utils.Rpc.Interfaces.StopWatchLogger.Invoke(Solti.Utils.Rpc.Interfaces.LogContext,System.Func{System.Object})">
            <inheritdoc/>
        </member>
        <member name="T:Solti.Utils.Rpc.Interfaces.MemberInfoExtensions">
            <summary>
            Contains some <see cref="T:System.Reflection.MemberInfo"/> extensions.
            </summary>
        </member>
        <member name="M:Solti.Utils.Rpc.Interfaces.MemberInfoExtensions.GetId(System.Reflection.MemberInfo)">
            <summary>
            Gets the ID of a member.
            </summary>
        </member>
        <member name="T:Solti.Utils.Rpc.Interfaces.Properties.Errors">
            <summary>
              A strongly-typed resource class, for looking up localized strings, etc.
            </summary>
        </member>
        <member name="P:Solti.Utils.Rpc.Interfaces.Properties.Errors.ResourceManager">
            <summary>
              Returns the cached ResourceManager instance used by this class.
            </summary>
        </member>
        <member name="P:Solti.Utils.Rpc.Interfaces.Properties.Errors.Culture">
            <summary>
              Overrides the current thread's CurrentUICulture property for all
              resource lookups using this strongly typed resource class.
            </summary>
        </member>
        <member name="P:Solti.Utils.Rpc.Interfaces.Properties.Errors.EMPTY_PARAM">
            <summary>
              Looks up a localized string similar to The value of the parameter can not be empty..
            </summary>
        </member>
        <member name="P:Solti.Utils.Rpc.Interfaces.Properties.Errors.EMPTY_PROPERTY">
            <summary>
              Looks up a localized string similar to The value of the property can not be empty..
            </summary>
        </member>
        <member name="P:Solti.Utils.Rpc.Interfaces.Properties.Errors.INVALID_PARAM_LENGTH">
            <summary>
              Looks up a localized string similar to The length of the parameter should be between {0} and {1}..
            </summary>
        </member>
        <member name="P:Solti.Utils.Rpc.Interfaces.Properties.Errors.INVALID_PROPERTY_LENGTH">
            <summary>
              Looks up a localized string similar to The length of the property should be between {0} and {1}..
            </summary>
        </member>
        <member name="P:Solti.Utils.Rpc.Interfaces.Properties.Errors.INVALID_VARIABLE">
            <summary>
              Looks up a localized string similar to The environment variable must contain a valid integer value..
            </summary>
        </member>
        <member name="P:Solti.Utils.Rpc.Interfaces.Properties.Errors.MODULE_NOT_FOUND">
            <summary>
              Looks up a localized string similar to The module &quot;{0}&quot; could not be found..
            </summary>
        </member>
        <member name="P:Solti.Utils.Rpc.Interfaces.Properties.Errors.NO_REQUIRED_ROLE">
            <summary>
              Looks up a localized string similar to At least one role must be specified..
            </summary>
        </member>
        <member name="P:Solti.Utils.Rpc.Interfaces.Properties.Errors.NOT_ASSIGNABLE_FROM">
            <summary>
              Looks up a localized string similar to Type &quot;{0}&quot; not assignable from &quot;{1}&quot;..
            </summary>
        </member>
        <member name="P:Solti.Utils.Rpc.Interfaces.Properties.Errors.NULL_PARAM">
            <summary>
              Looks up a localized string similar to The value of the parameter can not be NULL..
            </summary>
        </member>
        <member name="P:Solti.Utils.Rpc.Interfaces.Properties.Errors.NULL_PROPERTY">
            <summary>
              Looks up a localized string similar to The value of the property can not be NULL..
            </summary>
        </member>
        <member name="P:Solti.Utils.Rpc.Interfaces.Properties.Errors.PARAM_NOT_MATCHES">
            <summary>
              Looks up a localized string similar to The value of the parameter does not match the given pattern..
            </summary>
        </member>
        <member name="P:Solti.Utils.Rpc.Interfaces.Properties.Errors.PARAMETERLESS_CTOR_REQUIRED">
            <summary>
              Looks up a localized string similar to Parameterless constructor required..
            </summary>
        </member>
        <member name="P:Solti.Utils.Rpc.Interfaces.Properties.Errors.PROPERTY_NOT_MATCHES">
            <summary>
              Looks up a localized string similar to The value of the property does not match the given pattern..
            </summary>
        </member>
        <member name="P:Solti.Utils.Rpc.Interfaces.Properties.Errors.VALIDATION_FAILED">
            <summary>
              Looks up a localized string similar to The validation failed..
            </summary>
        </member>
        <member name="T:Solti.Utils.Rpc.Interfaces.Properties.Trace">
            <summary>
              A strongly-typed resource class, for looking up localized strings, etc.
            </summary>
        </member>
        <member name="P:Solti.Utils.Rpc.Interfaces.Properties.Trace.ResourceManager">
            <summary>
              Returns the cached ResourceManager instance used by this class.
            </summary>
        </member>
        <member name="P:Solti.Utils.Rpc.Interfaces.Properties.Trace.Culture">
            <summary>
              Overrides the current thread's CurrentUICulture property for all
              resource lookups using this strongly typed resource class.
            </summary>
        </member>
        <member name="P:Solti.Utils.Rpc.Interfaces.Properties.Trace.PARAMZ">
            <summary>
              Looks up a localized string similar to Parameters: {0}.
            </summary>
        </member>
        <member name="P:Solti.Utils.Rpc.Interfaces.Properties.Trace.TIME_ELAPSED">
            <summary>
              Looks up a localized string similar to Time elapsed: {0}ms.
            </summary>
        </member>
        <member name="P:Solti.Utils.Rpc.Interfaces.Properties.Trace.UNHANDLED_EXCEPTION">
            <summary>
              Looks up a localized string similar to Unhandled exception: {0}.
            </summary>
        </member>
        <member name="T:Solti.Utils.Rpc.Interfaces.Version">
            <summary>
            Represents a version number.
            </summary>
        </member>
        <member name="M:Solti.Utils.Rpc.Interfaces.Version.op_Implicit(System.Diagnostics.FileVersionInfo)~Solti.Utils.Rpc.Interfaces.Version">
            <summary>
            Converts the given <see cref="T:System.Diagnostics.FileVersionInfo"/> to <see cref="T:Solti.Utils.Rpc.Interfaces.Version"/>.
            </summary>
        </member>
        <member name="M:Solti.Utils.Rpc.Interfaces.Version.op_Implicit(System.Version)~Solti.Utils.Rpc.Interfaces.Version">
            <summary>
            Converts the given <see cref="T:System.Version"/> to <see cref="T:Solti.Utils.Rpc.Interfaces.Version"/>.
            </summary>
        </member>
        <member name="M:Solti.Utils.Rpc.Interfaces.Version.Equals(System.Object)">
            <inheritdoc/>
        </member>
        <member name="M:Solti.Utils.Rpc.Interfaces.Version.GetHashCode">
            <inheritdoc/>
        </member>
        <member name="P:Solti.Utils.Rpc.Interfaces.Version.Major">
            <summary>
            The major version.
            </summary>
        </member>
        <member name="P:Solti.Utils.Rpc.Interfaces.Version.Minor">
            <summary>
            The minor version.
            </summary>
        </member>
        <member name="P:Solti.Utils.Rpc.Interfaces.Version.Patch">
            <summary>
            The patch version.
            </summary>
        </member>
    </members>
</doc>
